Ferien Start,Ferien Ende,Bundesland
1990-06-15,1990-07-31,Nordrhein-Westfalen
1990-06-28,1990-08-08,Rheinland-Pfalz
1990-06-28,1990-08-11,Saarland
1990-07-06,1990-08-18,Schleswig-Holstein
1990-07-09,1990-08-18,Hessen
1990-07-09,1990-08-18,Hamburg
1990-07-12,1990-08-22,Niedersachsen
1990-07-12,1990-08-25,Berlin
1990-07-12,1990-08-22,Bremen
1990-07-19,1990-09-01,Baden-Württemberg
1990-07-26,1990-09-10,Bayern
1990-10-08,1990-10-13,Nordrhein-Westfalen
1990-10-08,1990-10-20,Hessen
1990-10-08,1990-10-20,Saarland
1990-10-15,1990-10-19,Brandenburg
1990-10-15,1990-10-19,Mecklenburg-Vorpommern
1990-10-15,1990-10-19,Rheinland-Pfalz
1990-10-15,1990-10-27,Schleswig-Holstein
1990-10-15,1990-10-27,Hamburg
1990-10-15,1990-10-19,Thüringen
1990-10-15,1990-10-19,Sachsen-Anhalt
1990-10-15,1990-10-19,Sachsen
1990-10-24,1990-11-03,Niedersachsen
1990-10-27,1990-11-03,Berlin
1990-10-29,1990-11-03,Baden-Württemberg
1990-10-29,1990-11-03,Bremen
1990-12-21,1991-01-07,Bayern
1990-12-22,1991-01-05,Hamburg
1990-12-22,1991-01-05,Saarland
1990-12-22,1991-01-05,Berlin
1990-12-22,1991-01-05,Niedersachsen
1990-12-22,1991-01-10,Rheinland-Pfalz
1990-12-24,1991-01-05,Nordrhein-Westfalen
1990-12-24,1991-01-04,Sachsen-Anhalt
1990-12-24,1991-01-04,Thüringen
1990-12-24,1991-01-04,Sachsen
1990-12-24,1991-01-07,Schleswig-Holstein
1990-12-24,1991-01-04,Brandenburg
1990-12-24,1991-01-04,Mecklenburg-Vorpommern
1990-12-24,1991-01-05,Baden-Württemberg
1990-12-24,1991-01-12,Hessen
1990-12-24,1991-01-05,Bremen
1991-02-11,1991-02-22,Thüringen
1991-02-11,1991-02-16,Baden-Württemberg
1991-02-11,1991-02-22,Mecklenburg-Vorpommern
1991-02-11,1991-02-22,Sachsen-Anhalt
1991-02-25,1991-03-08,Sachsen
1991-02-25,1991-03-08,Brandenburg
1991-03-16,1991-04-06,Berlin
1991-03-16,1991-04-06,Niedersachsen
1991-03-18,1991-04-06,Bremen
1991-03-18,1991-04-02,Hamburg
1991-03-18,1991-04-05,Rheinland-Pfalz
1991-03-23,1991-04-13,Hessen
1991-03-25,1991-04-06,Bayern
1991-03-25,1991-04-08,Saarland
1991-03-25,1991-04-13,Nordrhein-Westfalen
1991-03-25,1991-04-09,Schleswig-Holstein
1991-03-28,1991-04-02,Thüringen
1991-03-28,1991-04-02,Mecklenburg-Vorpommern
1991-03-28,1991-04-02,Brandenburg
1991-04-02,1991-04-03,Sachsen-Anhalt
1991-04-02,1991-04-03,Sachsen
1991-04-02,1991-04-06,Baden-Württemberg
1991-05-06,1991-05-11,Hamburg
1991-05-16,1991-05-21,Sachsen-Anhalt
1991-05-16,1991-05-21,Brandenburg
1991-05-17,1991-05-22,Sachsen
1991-05-17,1991-05-22,Thüringen
1991-05-17,1991-05-22,Mecklenburg-Vorpommern
1991-05-18,1991-05-21,Berlin
1991-05-18,1991-05-21,Niedersachsen
1991-05-21,1991-05-25,Bremen
1991-05-21,1991-05-31,Baden-Württemberg
1991-05-21,1991-06-01,Bayern
1991-06-18,1991-07-31,Saarland
1991-06-20,1991-07-31,Rheinland-Pfalz
1991-06-28,1991-08-10,Schleswig-Holstein
1991-07-01,1991-08-10,Hamburg
1991-07-01,1991-08-10,Hessen
1991-07-04,1991-08-14,Niedersachsen
1991-07-04,1991-08-17,Bremen
1991-07-04,1991-08-21,Berlin
1991-07-04,1991-08-21,Brandenburg
1991-07-08,1991-08-23,Sachsen
1991-07-11,1991-08-24,Baden-Württemberg
1991-07-15,1991-08-30,Thüringen
1991-07-15,1991-08-30,Sachsen-Anhalt
1991-07-18,1991-08-31,Nordrhein-Westfalen
1991-07-25,1991-09-09,Bayern
1991-10-04,1991-10-19,Hamburg
1991-10-07,1991-10-18,Hessen
1991-10-07,1991-10-19,Saarland
1991-10-10,1991-10-19,Niedersachsen
1991-10-14,1991-10-18,Sachsen
1991-10-14,1991-10-26,Schleswig-Holstein
1991-10-14,1991-10-19,Bremen
1991-10-21,1991-10-25,Thüringen
1991-10-21,1991-10-26,Nordrhein-Westfalen
1991-10-21,1991-10-26,Rheinland-Pfalz
1991-10-21,1991-10-25,Sachsen-Anhalt
1991-10-21,1991-10-25,Brandenburg
1991-10-25,1991-10-30,Baden-Württemberg
1991-10-26,1991-11-02,Berlin
1991-10-28,1991-11-02,Bayern
1991-12-21,1992-01-04,Brandenburg
1991-12-21,1992-01-06,Niedersachsen
1991-12-23,1992-01-11,Hessen
1991-12-23,1992-01-06,Nordrhein-Westfalen
1991-12-23,1992-01-04,Baden-Württemberg
1991-12-23,1992-01-08,Rheinland-Pfalz
1991-12-23,1992-01-04,Bayern
1991-12-23,1992-01-06,Saarland
1991-12-23,1992-01-06,Berlin
1991-12-23,1992-01-03,Thüringen
1991-12-23,1992-01-06,Schleswig-Holstein
1991-12-23,1992-01-03,Sachsen
1991-12-23,1992-01-04,Hamburg
1991-12-23,1992-01-06,Bremen
1991-12-23,1992-01-06,Sachsen-Anhalt
1992-02-08,1992-02-22,Brandenburg
1992-02-10,1992-02-21,Thüringen
1992-02-17,1992-02-21,Sachsen-Anhalt
1992-02-20,1992-02-28,Sachsen
1992-03-02,1992-03-06,Baden-Württemberg
1992-03-02,1992-03-03,Saarland
1992-03-09,1992-03-21,Hamburg
1992-04-01,1992-04-21,Bremen
1992-04-01,1992-04-21,Niedersachsen
1992-04-03,1992-04-22,Hessen
1992-04-04,1992-04-25,Berlin
1992-04-06,1992-04-25,Rheinland-Pfalz
1992-04-06,1992-04-25,Nordrhein-Westfalen
1992-04-09,1992-04-25,Schleswig-Holstein
1992-04-11,1992-04-20,Brandenburg
1992-04-13,1992-04-27,Saarland
1992-04-13,1992-04-21,Sachsen-Anhalt
1992-04-13,1992-04-16,Thüringen
1992-04-13,1992-04-25,Bayern
1992-04-13,1992-04-25,Baden-Württemberg
1992-04-16,1992-04-24,Sachsen
1992-06-01,1992-06-05,Baden-Württemberg
1992-06-04,1992-06-09,Sachsen
1992-06-04,1992-06-10,Sachsen-Anhalt
1992-06-05,1992-06-09,Thüringen
1992-06-05,1992-06-09,Brandenburg
1992-06-06,1992-06-09,Niedersachsen
1992-06-06,1992-06-09,Berlin
1992-06-09,1992-06-20,Bayern
1992-06-18,1992-08-01,Schleswig-Holstein
1992-06-18,1992-08-01,Hamburg
1992-06-22,1992-07-31,Hessen
1992-06-25,1992-08-05,Niedersachsen
1992-06-25,1992-08-08,Bremen
1992-06-26,1992-08-08,Berlin
1992-06-27,1992-08-08,Brandenburg
1992-07-02,1992-08-15,Baden-Württemberg
1992-07-06,1992-08-19,Sachsen
1992-07-13,1992-08-21,Mecklenburg-Vorpommern
1992-07-13,1992-08-21,Thüringen
1992-07-16,1992-08-29,Nordrhein-Westfalen
1992-07-20,1992-08-28,Sachsen-Anhalt
1992-07-23,1992-09-02,Rheinland-Pfalz
1992-07-23,1992-09-05,Saarland
1992-07-30,1992-09-14,Bayern
1992-09-28,1992-10-10,Niedersachsen
1992-10-02,1992-10-10,Berlin
1992-10-03,1992-10-10,Brandenburg
1992-10-05,1992-10-16,Hessen
1992-10-05,1992-10-17,Hamburg
1992-10-05,1992-10-17,Schleswig-Holstein
1992-10-05,1992-10-13,Bremen
1992-10-12,1992-10-17,Mecklenburg-Vorpommern
1992-10-15,1992-10-24,Sachsen
1992-10-19,1992-10-24,Thüringen
1992-10-19,1992-10-24,Rheinland-Pfalz
1992-10-19,1992-10-24,Nordrhein-Westfalen
1992-10-19,1992-10-23,Sachsen-Anhalt
1992-10-26,1992-10-31,Saarland
1992-11-02,1992-11-03,Bayern
1992-12-21,1993-01-06,Saarland
1992-12-21,1993-01-02,Hamburg
1992-12-22,1993-01-05,Sachsen-Anhalt
1992-12-23,1993-01-09,Baden-Württemberg
1992-12-23,1993-01-06,Nordrhein-Westfalen
1992-12-23,1993-01-02,Thüringen
1992-12-23,1993-01-06,Sachsen
1992-12-23,1993-01-08,Hessen
1992-12-23,1993-01-07,Schleswig-Holstein
1992-12-23,1993-01-06,Bremen
1992-12-23,1993-01-09,Rheinland-Pfalz
1992-12-23,1993-01-06,Berlin
1992-12-23,1993-01-02,Mecklenburg-Vorpommern
1992-12-23,1993-01-06,Brandenburg
1992-12-23,1993-01-09,Bayern
1992-12-23,1993-01-06,Niedersachsen
1993-01-30,1993-02-13,Berlin
1993-02-08,1993-02-13,Thüringen
1993-02-11,1993-02-24,Brandenburg
1993-02-15,1993-02-23,Sachsen-Anhalt
1993-02-15,1993-02-23,Sachsen
1993-02-15,1993-02-27,Mecklenburg-Vorpommern
1993-02-22,1993-02-23,Saarland
1993-03-27,1993-04-17,Niedersachsen
1993-03-29,1993-04-17,Nordrhein-Westfalen
1993-03-29,1993-04-16,Rheinland-Pfalz
1993-03-29,1993-04-17,Bremen
1993-04-01,1993-04-19,Saarland
1993-04-03,1993-04-17,Berlin
1993-04-05,1993-04-17,Bayern
1993-04-05,1993-04-23,Hessen
1993-04-05,1993-04-17,Thüringen
1993-04-05,1993-04-17,Baden-Württemberg
1993-04-05,1993-04-17,Schleswig-Holstein
1993-04-06,1993-04-20,Sachsen-Anhalt
1993-04-07,1993-04-14,Mecklenburg-Vorpommern
1993-04-08,1993-04-17,Sachsen
1993-04-09,1993-04-17,Brandenburg
1993-05-17,1993-05-22,Hamburg
1993-05-26,1993-06-01,Sachsen-Anhalt
1993-05-28,1993-06-01,Thüringen
1993-05-28,1993-06-01,Sachsen
1993-05-28,1993-06-01,Mecklenburg-Vorpommern
1993-05-29,1992-06-01,Niedersachsen
1993-05-29,1992-06-01,Brandenburg
1993-06-01,1993-06-04,Baden-Württemberg
1993-06-01,1993-06-12,Bayern
1993-06-18,1993-07-31,Bremen
1993-06-18,1993-07-31,Niedersachsen
1993-06-24,1993-08-04,Berlin
1993-06-24,1993-08-07,Brandenburg
1993-07-01,1993-08-14,Baden-Württemberg
1993-07-01,1993-08-14,Mecklenburg-Vorpommern
1993-07-02,1993-08-14,Schleswig-Holstein
1993-07-05,1993-08-14,Hamburg
1993-07-08,1993-08-21,Nordrhein-Westfalen
1993-07-15,1993-08-24,Rheinland-Pfalz
1993-07-15,1993-08-25,Sachsen
1993-07-15,1993-08-25,Sachsen-Anhalt
1993-07-15,1993-08-28,Saarland
1993-07-22,1993-09-06,Bayern
1993-07-26,1993-09-03,Hessen
1993-07-29,1993-09-11,Thüringen
1993-09-23,1993-10-02,Bremen
1993-09-24,1993-10-02,Niedersachsen
1993-10-02,1993-10-09,Brandenburg
1993-10-02,1993-10-09,Berlin
1993-10-04,1993-10-09,Mecklenburg-Vorpommern
1993-10-11,1993-10-16,Nordrhein-Westfalen
1993-10-11,1993-10-23,Hamburg
1993-10-11,1993-10-23,Schleswig-Holstein
1993-10-18,1993-10-23,Rheinland-Pfalz
1993-10-18,1993-10-22,Sachsen-Anhalt
1993-10-18,1993-10-26,Sachsen
1993-10-25,1993-10-29,Hessen
1993-10-25,1993-10-30,Thüringen
1993-10-25,1993-10-30,Saarland
1993-11-02,1993-11-05,Baden-Württemberg
1993-12-22,1994-01-05,Saarland
1993-12-23,1994-01-07,Baden-Württemberg
1993-12-23,1994-01-04,Sachsen
1993-12-23,1994-01-04,Brandenburg
1993-12-23,1994-01-14,Hessen
1993-12-23,1994-01-08,Bayern
1993-12-23,1994-01-08,Schleswig-Holstein
1993-12-23,1994-01-04,Hamburg
1993-12-23,1994-01-08,Rheinland-Pfalz
1993-12-23,1994-01-08,Bremen
1993-12-23,1994-01-04,Sachsen-Anhalt
1993-12-23,1994-01-08,Niedersachsen
1993-12-23,1994-01-03,Berlin
1993-12-23,1994-01-03,Mecklenburg-Vorpommern
1993-12-23,1994-01-05,Thüringen
1993-12-24,1994-01-06,Nordrhein-Westfalen
1994-01-29,1994-02-12,Berlin
1994-01-31,1994-02-12,Brandenburg
1994-02-14,1994-02-23,Sachsen
1994-02-14,1994-02-19,Thüringen
1994-02-14,1994-02-26,Mecklenburg-Vorpommern
1994-02-14,1994-02-15,Saarland
1994-02-17,1994-02-25,Sachsen-Anhalt
1994-03-07,1994-03-19,Hamburg
1994-03-19,1994-04-09,Niedersachsen
1994-03-21,1994-04-09,Rheinland-Pfalz
1994-03-21,1994-04-09,Bremen
1994-03-21,1994-04-09,Nordrhein-Westfalen
1994-03-21,1994-04-11,Saarland
1994-03-26,1994-04-09,Berlin
1994-03-28,1994-04-08,Baden-Württemberg
1994-03-28,1994-04-15,Hessen
1994-03-28,1994-04-09,Schleswig-Holstein
1994-03-28,1994-04-09,Thüringen
1994-03-28,1994-04-09,Bayern
1994-03-29,1994-04-12,Sachsen-Anhalt
1994-03-30,1994-04-05,Mecklenburg-Vorpommern
1994-03-31,1994-04-09,Sachsen
1994-04-05,1994-04-11,Brandenburg
1994-05-13,1994-05-24,Baden-Württemberg
1994-05-13,1994-05-23,Hamburg
1994-05-19,1994-05-24,Sachsen
1994-05-20,1994-05-24,Mecklenburg-Vorpommern
1994-05-20,1994-05-24,Thüringen
1994-05-20,1994-05-25,Sachsen-Anhalt
1994-05-21,1994-05-28,Berlin
1994-05-21,1994-05-24,Niedersachsen
1994-05-24,1994-05-25,Hessen
1994-05-24,1994-05-28,Bremen
1994-05-24,1994-06-04,Bayern
1994-06-01,1994-06-06,Sachsen
1994-06-01,1994-06-03,Sachsen-Anhalt
1994-06-23,1994-08-06,Nordrhein-Westfalen
1994-06-30,1994-08-13,Saarland
1994-06-30,1994-08-10,Rheinland-Pfalz
1994-06-30,1994-08-10,Sachsen
1994-06-30,1994-08-10,Sachsen-Anhalt
1994-07-07,1994-08-20,Baden-Württemberg
1994-07-07,1994-08-20,Brandenburg
1994-07-14,1994-08-27,Mecklenburg-Vorpommern
1994-07-14,1994-08-27,Schleswig-Holstein
1994-07-14,1994-08-24,Berlin
1994-07-14,1994-08-27,Thüringen
1994-07-18,1994-08-26,Hessen
1994-07-18,1994-08-27,Hamburg
1994-07-21,1994-09-03,Bremen
1994-07-21,1994-08-31,Niedersachsen
1994-07-28,1994-09-12,Bayern
1994-10-04,1994-10-07,Nordrhein-Westfalen
1994-10-04,1994-10-08,Brandenburg
1994-10-13,1994-10-22,Sachsen
1994-10-17,1994-10-22,Mecklenburg-Vorpommern
1994-10-17,1994-10-22,Rheinland-Pfalz
1994-10-17,1994-10-28,Hessen
1994-10-17,1994-10-22,Sachsen-Anhalt
1994-10-17,1994-10-29,Schleswig-Holstein
1994-10-17,1994-10-22,Saarland
1994-10-20,1994-11-01,Niedersachsen
1994-10-22,1994-10-29,Berlin
1994-10-24,1994-10-31,Bremen
1994-10-24,1994-10-29,Hamburg
1994-10-24,1994-10-29,Thüringen
1994-10-31,1994-11-04,Bayern
1994-11-02,1994-11-04,Baden-Württemberg
1994-12-19,1995-01-02,Mecklenburg-Vorpommern
1994-12-21,1995-01-07,Saarland
1994-12-22,1995-01-07,Baden-Württemberg
1994-12-22,1995-01-04,Thüringen
1994-12-22,1995-01-04,Sachsen
1994-12-23,1995-01-07,Bremen
1994-12-23,1995-01-11,Hessen
1994-12-23,1995-01-05,Sachsen-Anhalt
1994-12-23,1995-01-06,Nordrhein-Westfalen
1994-12-23,1995-01-07,Schleswig-Holstein
1994-12-23,1995-01-04,Brandenburg
1994-12-23,1995-01-07,Hamburg
1994-12-23,1995-01-06,Rheinland-Pfalz
1994-12-23,1995-01-07,Niedersachsen
1994-12-24,1995-01-04,Berlin
1994-12-27,1995-01-07,Bayern
1995-01-30,1995-02-11,Brandenburg
1995-02-06,1995-02-18,Mecklenburg-Vorpommern
1995-02-06,1995-02-11,Thüringen
1995-02-11,1995-02-25,Berlin
1995-02-13,1995-02-25,Sachsen-Anhalt
1995-02-16,1995-02-25,Sachsen
1995-03-06,1995-03-18,Hamburg
1995-03-30,1995-04-19,Bremen
1995-04-03,1995-04-19,Niedersachsen
1995-04-03,1995-04-21,Hessen
1995-04-03,1995-04-22,Nordrhein-Westfalen
1995-04-03,1995-04-22,Rheinland-Pfalz
1995-04-10,1995-04-22,Bayern
1995-04-10,1995-04-22,Thüringen
1995-04-10,1995-04-22,Schleswig-Holstein
1995-04-10,1995-04-24,Saarland
1995-04-12,1995-04-19,Mecklenburg-Vorpommern
1995-04-13,1995-04-22,Sachsen-Anhalt
1995-04-13,1995-04-22,Sachsen
1995-04-14,1995-05-02,Berlin
1995-04-18,1995-04-22,Brandenburg
1995-04-18,1995-04-22,Baden-Württemberg
1995-05-02,1995-05-06,Hamburg
1995-05-29,1995-06-09,Baden-Württemberg
1995-06-02,1995-06-06,Thüringen
1995-06-06,1995-06-17,Bayern
1995-06-06,1995-06-07,Brandenburg
1995-06-22,1995-08-02,Niedersachsen
1995-06-22,1995-08-02,Thüringen
1995-06-22,1995-08-02,Sachsen-Anhalt
1995-06-22,1995-08-02,Sachsen
1995-06-29,1995-08-12,Brandenburg
1995-06-29,1995-08-09,Schleswig-Holstein
1995-06-29,1995-08-09,Hamburg
1995-06-29,1995-08-09,Mecklenburg-Vorpommern
1995-06-29,1995-08-12,Berlin
1995-07-06,1995-08-18,Rheinland-Pfalz
1995-07-06,1995-08-16,Saarland
1995-07-06,1995-08-19,Bremen
1995-07-06,1995-08-18,Hessen
1995-07-13,1995-08-26,Nordrhein-Westfalen
1995-07-27,1995-09-09,Baden-Württemberg
1995-07-27,1995-09-11,Bayern
1995-09-30,1995-10-07,Berlin
1995-10-02,1995-10-10,Sachsen-Anhalt
1995-10-02,1995-10-14,Hamburg
1995-10-02,1995-10-14,Niedersachsen
1995-10-02,1995-10-07,Brandenburg
1995-10-02,1995-10-09,Bremen
1995-10-09,1995-10-14,Thüringen
1995-10-09,1995-10-21,Schleswig-Holstein
1995-10-09,1995-10-14,Mecklenburg-Vorpommern
1995-10-09,1995-10-21,Saarland
1995-10-09,1995-10-20,Rheinland-Pfalz
1995-10-12,1995-10-21,Sachsen
1995-10-16,1995-10-21,Hessen
1995-10-16,1995-10-20,Nordrhein-Westfalen
1995-10-23,1995-10-30,Baden-Württemberg
1995-10-30,1995-11-04,Bayern
1995-12-20,1996-01-06,Saarland
1995-12-20,1996-01-03,Mecklenburg-Vorpommern
1995-12-21,1996-01-02,Sachsen-Anhalt
1995-12-21,1996-01-05,Brandenburg
1995-12-21,1996-01-06,Sachsen
1995-12-22,1996-01-06,Thüringen
1995-12-22,1996-01-08,Schleswig-Holstein
1995-12-22,1996-01-06,Bremen
1995-12-23,1996-01-03,Berlin
1995-12-23,1996-01-05,Baden-Württemberg
1995-12-23,1996-01-06,Niedersachsen
1995-12-23,1996-01-06,Nordrhein-Westfalen
1995-12-23,1996-01-05,Rheinland-Pfalz
1995-12-27,1996-01-08,Bayern
1995-12-27,1996-01-09,Hessen
1995-12-27,1996-01-06,Hamburg
1996-02-03,1996-02-17,Berlin
1996-02-05,1996-02-17,Mecklenburg-Vorpommern
1996-02-05,1996-02-10,Brandenburg
1996-02-05,1996-02-10,Thüringen
1996-02-08,1996-02-17,Sachsen
1996-02-12,1996-02-23,Sachsen-Anhalt
1996-03-04,1996-03-16,Hamburg
1996-03-25,1996-04-13,Niedersachsen
1996-03-25,1996-04-12,Nordrhein-Westfalen
1996-03-25,1996-04-13,Bremen
1996-03-25,1996-04-13,Hessen
1996-03-28,1996-04-13,Rheinland-Pfalz
1996-03-29,1996-04-13,Schleswig-Holstein
1996-03-30,1996-04-13,Berlin
1996-04-01,1996-04-13,Bayern
1996-04-01,1996-04-13,Thüringen
1996-04-01,1996-04-04,Sachsen-Anhalt
1996-04-01,1996-04-15,Saarland
1996-04-03,1996-04-12,Mecklenburg-Vorpommern
1996-04-04,1996-04-10,Sachsen
1996-04-09,1996-04-13,Baden-Württemberg
1996-04-09,1996-04-13,Brandenburg
1996-04-29,1996-05-04,Hamburg
1996-05-17,1996-05-25,Sachsen-Anhalt
1996-05-20,1996-05-31,Baden-Württemberg
1996-05-23,1996-05-29,Sachsen
1996-05-24,1996-05-28,Thüringen
1996-05-25,1996-05-28,Mecklenburg-Vorpommern
1996-05-28,1996-06-08,Bayern
1996-06-20,1996-07-31,Schleswig-Holstein
1996-06-20,1996-07-31,Hamburg
1996-06-20,1996-08-03,Brandenburg
1996-06-20,1996-08-03,Berlin
1996-06-20,1996-07-31,Mecklenburg-Vorpommern
1996-06-27,1996-08-07,Thüringen
1996-06-27,1996-08-07,Sachsen-Anhalt
1996-06-27,1996-08-07,Sachsen
1996-06-27,1996-08-10,Bremen
1996-06-27,1996-08-07,Niedersachsen
1996-07-04,1996-08-17,Nordrhein-Westfalen
1996-07-18,1996-08-28,Saarland
1996-07-18,1996-08-30,Rheinland-Pfalz
1996-07-18,1996-08-30,Hessen
1996-07-25,1996-09-07,Baden-Württemberg
1996-08-01,1996-09-16,Bayern
1996-09-28,1996-10-05,Berlin
1996-09-30,1996-10-12,Niedersachsen
1996-09-30,1996-10-12,Bremen
1996-10-04,1996-10-16,Brandenburg
1996-10-04,1996-10-12,Sachsen-Anhalt
1996-10-04,1996-10-19,Hamburg
1996-10-04,1996-10-19,Schleswig-Holstein
1996-10-07,1996-10-16,Mecklenburg-Vorpommern
1996-10-10,1996-10-18,Sachsen
1996-10-12,1996-10-26,Rheinland-Pfalz
1996-10-14,1996-10-19,Thüringen
1996-10-14,1996-10-18,Nordrhein-Westfalen
1996-10-14,1996-10-19,Hessen
1996-10-21,1996-11-02,Saarland
1996-10-26,1996-10-30,Baden-Württemberg
1996-10-28,1996-11-02,Bayern
1996-12-20,1997-01-04,Thüringen
1996-12-21,1997-01-04,Berlin
1996-12-23,1997-01-04,Sachsen-Anhalt
1996-12-23,1997-01-06,Sachsen
1996-12-23,1997-01-06,Schleswig-Holstein
1996-12-23,1997-01-10,Baden-Württemberg
1996-12-23,1997-01-04,Hamburg
1996-12-23,1997-01-03,Rheinland-Pfalz
1996-12-23,1997-01-06,Bremen
1996-12-23,1997-01-06,Nordrhein-Westfalen
1996-12-23,1997-01-04,Bayern
1996-12-23,1997-01-06,Niedersachsen
1996-12-23,1997-01-03,Mecklenburg-Vorpommern
1996-12-23,1997-01-07,Hessen
1996-12-23,1997-01-04,Saarland
1996-12-23,1997-01-03,Brandenburg
1997-02-03,1997-02-08,Brandenburg
1997-02-03,1997-02-12,Mecklenburg-Vorpommern
1997-02-10,1997-02-15,Thüringen
1997-02-10,1997-02-22,Sachsen-Anhalt
1997-02-13,1997-02-21,Sachsen
1997-03-08,1997-03-31,Berlin
1997-03-20,1997-04-04,Rheinland-Pfalz
1997-03-21,1997-04-05,Hamburg
1997-03-21,1997-04-07,Schleswig-Holstein
1997-03-22,1997-04-01,Mecklenburg-Vorpommern
1997-03-24,1997-04-12,Saarland
1997-03-24,1997-04-12,Hessen
1997-03-24,1997-04-12,Niedersachsen
1997-03-24,1997-04-05,Bayern
1997-03-24,1997-04-12,Bremen
1997-03-24,1997-04-05,Thüringen
1997-03-24,1997-04-12,Nordrhein-Westfalen
1997-03-26,1997-04-04,Sachsen
1997-04-01,1997-04-04,Baden-Württemberg
1997-04-01,1997-04-05,Brandenburg
1997-04-01,1997-04-04,Sachsen-Anhalt
1997-05-09,1997-05-17,Hamburg
1997-05-16,1997-05-20,Sachsen
1997-05-16,1997-05-20,Thüringen
1997-05-16,1997-05-20,Mecklenburg-Vorpommern
1997-05-20,1997-05-23,Sachsen-Anhalt
1997-05-20,1997-05-24,Bremen
1997-05-20,1997-05-31,Bayern
1997-05-20,1997-05-31,Baden-Württemberg
1997-06-02,1997-06-03,Brandenburg
1997-06-19,1997-08-02,Berlin
1997-06-19,1997-08-02,Schleswig-Holstein
1997-06-19,1997-08-02,Brandenburg
1997-06-26,1997-08-06,Hamburg
1997-06-26,1997-08-06,Mecklenburg-Vorpommern
1997-07-03,1997-08-16,Nordrhein-Westfalen
1997-07-17,1997-08-27,Sachsen
1997-07-17,1997-08-27,Thüringen
1997-07-17,1997-08-27,Niedersachsen
1997-07-17,1997-08-30,Bremen
1997-07-17,1997-08-27,Sachsen-Anhalt
1997-07-24,1997-09-03,Saarland
1997-07-24,1997-09-05,Hessen
1997-07-24,1997-09-05,Rheinland-Pfalz
1997-07-31,1997-09-15,Bayern
1997-07-31,1997-09-13,Baden-Württemberg
1997-10-03,1997-10-18,Berlin
1997-10-04,1997-10-14,Mecklenburg-Vorpommern
1997-10-06,1997-10-18,Brandenburg
1997-10-06,1997-10-18,Hamburg
1997-10-06,1997-10-18,Schleswig-Holstein
1997-10-13,1997-10-17,Nordrhein-Westfalen
1997-10-16,1997-10-24,Sachsen
1997-10-20,1997-10-31,Rheinland-Pfalz
1997-10-20,1997-11-01,Niedersachsen
1997-10-20,1997-10-25,Hessen
1997-10-20,1997-10-31,Saarland
1997-10-20,1997-10-25,Thüringen
1997-10-25,1997-11-01,Sachsen-Anhalt
1997-10-27,1997-10-31,Bayern
1997-10-27,1997-11-01,Bremen
1997-10-27,1997-10-30,Baden-Württemberg
1997-12-22,1998-01-06,Bremen
1997-12-22,1998-01-06,Hessen
1997-12-22,1998-01-03,Hamburg
1997-12-22,1998-01-02,Mecklenburg-Vorpommern
1997-12-22,1998-01-05,Rheinland-Pfalz
1997-12-22,1998-01-07,Thüringen
1997-12-22,1998-01-05,Baden-Württemberg
1997-12-22,1998-01-06,Schleswig-Holstein
1997-12-22,1998-01-06,Niedersachsen
1997-12-22,1998-01-05,Sachsen-Anhalt
1997-12-22,1998-01-03,Sachsen
1997-12-22,1998-01-06,Saarland
1997-12-23,1998-01-05,Bayern
1997-12-23,1998-01-06,Nordrhein-Westfalen
1997-12-24,1998-01-03,Berlin
1997-12-24,1998-01-03,Brandenburg
1998-01-29,1998-02-06,Brandenburg
1998-02-02,1998-02-11,Mecklenburg-Vorpommern
1998-02-09,1998-02-14,Thüringen
1998-02-09,1998-02-21,Sachsen-Anhalt
1998-02-16,1998-02-24,Sachsen
1998-02-21,1998-02-28,Berlin
1998-03-09,1998-03-21,Hamburg
1998-03-30,1998-04-14,Schleswig-Holstein
1998-03-30,1998-04-18,Nordrhein-Westfalen
1998-03-30,1998-04-18,Hessen
1998-03-30,1998-04-18,Bremen
1998-04-02,1998-04-20,Saarland
1998-04-02,1998-04-17,Rheinland-Pfalz
1998-04-02,1998-04-18,Niedersachsen
1998-04-04,1998-04-25,Berlin
1998-04-06,1998-04-15,Mecklenburg-Vorpommern
1998-04-06,1998-04-18,Bayern
1998-04-06,1998-04-18,Thüringen
1998-04-09,1998-04-17,Sachsen
1998-04-14,1998-04-18,Baden-Württemberg
1998-04-14,1998-04-17,Brandenburg
1998-04-14,1998-04-17,Sachsen-Anhalt
1998-05-18,1998-05-23,Hamburg
1998-05-22,1998-06-05,Baden-Württemberg
1998-05-28,1998-06-03,Sachsen
1998-05-29,1998-06-05,Sachsen-Anhalt
1998-05-29,1997-06-02,Mecklenburg-Vorpommern
1998-05-30,1998-06-02,Thüringen
1998-06-02,1998-06-13,Bayern
1998-06-02,1998-06-06,Bremen
1998-06-25,1998-08-08,Nordrhein-Westfalen
1998-07-09,1998-08-19,Schleswig-Holstein
1998-07-09,1998-08-19,Mecklenburg-Vorpommern
1998-07-09,1998-08-22,Brandenburg
1998-07-09,1998-08-22,Berlin
1998-07-09,1998-08-19,Hamburg
1998-07-16,1998-08-26,Saarland
1998-07-16,1998-08-28,Rheinland-Pfalz
1998-07-16,1998-08-28,Hessen
1998-07-23,1998-09-02,Niedersachsen
1998-07-23,1998-09-05,Bremen
1998-07-23,1998-09-02,Thüringen
1998-07-23,1998-09-02,Sachsen-Anhalt
1998-07-23,1998-09-02,Sachsen
1998-07-30,1998-09-12,Baden-Württemberg
1998-07-30,1998-09-14,Bayern
1998-10-05,1998-10-17,Nordrhein-Westfalen
1998-10-10,1998-10-24,Rheinland-Pfalz
1998-10-12,1998-10-17,Brandenburg
1998-10-12,1998-10-24,Hamburg
1998-10-12,1998-10-17,Hessen
1998-10-12,1998-10-26,Schleswig-Holstein
1998-10-15,1998-10-24,Mecklenburg-Vorpommern
1998-10-17,1998-10-24,Berlin
1998-10-19,1998-10-31,Saarland
1998-10-19,1998-10-31,Niedersachsen
1998-10-19,1998-10-23,Sachsen
1998-10-26,1998-10-31,Bremen
1998-10-26,1998-10-30,Baden-Württemberg
1998-10-26,1998-10-30,Thüringen
1998-10-26,1998-10-30,Sachsen-Anhalt
1998-11-02,1998-11-07,Bayern
1998-12-21,1999-01-05,Saarland
1998-12-21,1998-12-31,Rheinland-Pfalz
1998-12-21,1999-01-06,Thüringen
1998-12-23,1999-01-05,Baden-Württemberg
1998-12-23,1999-01-02,Brandenburg
1998-12-23,1999-01-06,Nordrhein-Westfalen
1998-12-23,1999-01-06,Niedersachsen
1998-12-23,1999-01-06,Bremen
1998-12-23,1999-01-05,Sachsen-Anhalt
1998-12-23,1999-01-02,Sachsen
1998-12-23,1999-01-05,Hamburg
1998-12-23,1999-01-06,Schleswig-Holstein
1998-12-23,1999-01-04,Mecklenburg-Vorpommern
1998-12-24,1999-01-08,Hessen
1998-12-24,1999-01-05,Bayern
1998-12-24,1999-01-02,Berlin
1999-01-30,1999-02-13,Berlin
1999-02-01,1999-02-10,Mecklenburg-Vorpommern
1999-02-01,1999-02-13,Brandenburg
1999-02-08,1999-02-20,Sachsen
1999-02-08,1999-02-20,Sachsen-Anhalt
1999-02-08,1999-02-13,Thüringen
1999-03-08,1999-03-20,Hamburg
1999-03-22,1999-04-10,Hessen
1999-03-26,1999-04-12,Saarland
1999-03-26,1999-04-10,Rheinland-Pfalz
1999-03-29,1999-04-10,Bayern
1999-03-29,1999-04-17,Bremen
1999-03-29,1999-04-17,Niedersachsen
1999-03-29,1999-04-07,Mecklenburg-Vorpommern
1999-03-29,1999-04-10,Thüringen
1999-03-29,1999-04-10,Sachsen
1999-03-29,1999-04-10,Nordrhein-Westfalen
1999-04-01,1999-04-17,Schleswig-Holstein
1999-04-01,1999-04-09,Brandenburg
1999-04-03,1999-04-17,Berlin
1999-04-06,1999-04-10,Baden-Württemberg
1999-04-06,1999-04-10,Sachsen-Anhalt
1999-05-14,1999-05-22,Sachsen-Anhalt
1999-05-21,1999-05-25,Mecklenburg-Vorpommern
1999-05-21,1999-05-25,Thüringen
1999-05-22,1999-05-25,Sachsen
1999-05-22,1999-06-05,Baden-Württemberg
1999-05-25,1999-05-26,Brandenburg
1999-05-25,1999-05-29,Hamburg
1999-05-25,1999-06-05,Bayern
1999-06-17,1999-07-31,Nordrhein-Westfalen
1999-07-01,1999-08-13,Hessen
1999-07-01,1999-08-11,Saarland
1999-07-01,1999-08-13,Rheinland-Pfalz
1999-07-15,1999-08-25,Schleswig-Holstein
1999-07-15,1999-08-25,Mecklenburg-Vorpommern
1999-07-15,1999-08-25,Hamburg
1999-07-15,1999-08-28,Brandenburg
1999-07-15,1999-08-28,Berlin
1999-07-22,1999-09-04,Bremen
1999-07-22,1999-09-01,Niedersachsen
1999-07-22,1999-09-01,Thüringen
1999-07-22,1999-09-01,Sachsen
1999-07-22,1999-09-01,Sachsen-Anhalt
1999-07-29,1999-09-11,Baden-Württemberg
1999-07-29,1999-09-13,Bayern
1999-10-04,1999-10-16,Hessen
1999-10-04,1999-10-15,Rheinland-Pfalz
1999-10-04,1999-10-15,Nordrhein-Westfalen
1999-10-04,1999-10-16,Saarland
1999-10-16,1999-10-23,Berlin
1999-10-16,1999-10-23,Brandenburg
1999-10-18,1999-10-30,Schleswig-Holstein
1999-10-18,1999-10-30,Sachsen
1999-10-18,1999-10-23,Mecklenburg-Vorpommern
1999-10-18,1999-10-30,Hamburg
1999-10-18,1999-11-01,Niedersachsen
1999-10-25,1999-10-30,Thüringen
1999-10-25,1999-10-30,Bremen
1999-10-25,1999-10-30,Sachsen-Anhalt
1999-11-02,1999-11-05,Bayern
1999-11-02,1999-11-06,Baden-Württemberg
1999-12-20,2000-01-05,Thüringen
1999-12-22,2000-01-05,Saarland
1999-12-22,1999-12-31,Mecklenburg-Vorpommern
1999-12-23,2000-01-05,Hamburg
1999-12-23,2000-01-08,Bremen
1999-12-23,2000-01-07,Nordrhein-Westfalen
1999-12-23,2000-01-08,Schleswig-Holstein
1999-12-23,2000-01-05,Rheinland-Pfalz
1999-12-23,2000-01-02,Sachsen
1999-12-23,2000-01-08,Baden-Württemberg
1999-12-23,1999-12-31,Berlin
1999-12-23,2000-01-08,Niedersachsen
1999-12-24,1999-12-31,Brandenburg
1999-12-24,2000-01-05,Bayern
1999-12-24,2000-01-08,Sachsen-Anhalt
1999-12-24,2000-01-08,Hessen
2000-01-29,2000-02-09,Berlin
2000-01-31,2000-02-12,Brandenburg
2000-02-07,2000-02-19,Mecklenburg-Vorpommern
2000-02-07,2000-02-12,Thüringen
2000-02-14,2000-02-26,Sachsen
2000-02-17,2000-02-26,Sachsen-Anhalt
2000-03-06,2000-03-18,Hamburg
2000-04-03,2000-04-25,Bremen
2000-04-08,2000-04-25,Schleswig-Holstein
2000-04-10,2000-04-20,Hessen
2000-04-14,2000-04-29,Saarland
2000-04-14,2000-04-29,Niedersachsen
2000-04-15,2000-04-25,Mecklenburg-Vorpommern
2000-04-17,2000-04-29,Nordrhein-Westfalen
2000-04-17,2000-04-29,Bayern
2000-04-17,2000-04-29,Thüringen
2000-04-17,2000-04-20,Sachsen-Anhalt
2000-04-17,2000-04-28,Rheinland-Pfalz
2000-04-20,2000-04-28,Sachsen
2000-04-20,2000-05-06,Berlin
2000-04-25,2000-05-04,Brandenburg
2000-04-25,2000-04-29,Baden-Württemberg
2000-05-29,2000-06-03,Hamburg
2000-06-02,2000-06-10,Sachsen-Anhalt
2000-06-02,2000-06-13,Baden-Württemberg
2000-06-09,2000-06-13,Mecklenburg-Vorpommern
2000-06-10,2000-06-13,Thüringen
2000-06-10,2000-06-13,Sachsen
2000-06-10,2000-06-13,Berlin
2000-06-13,2000-06-24,Bayern
2000-06-22,2000-08-02,Saarland
2000-06-23,2000-08-04,Rheinland-Pfalz
2000-06-23,2000-08-04,Hessen
2000-06-29,2000-08-12,Nordrhein-Westfalen
2000-07-13,2000-08-23,Niedersachsen
2000-07-13,2000-08-23,Sachsen-Anhalt
2000-07-13,2000-08-26,Bremen
2000-07-13,2000-08-23,Thüringen
2000-07-13,2000-08-23,Sachsen
2000-07-20,2000-09-02,Berlin
2000-07-20,2000-08-30,Mecklenburg-Vorpommern
2000-07-20,2000-09-02,Brandenburg
2000-07-20,2000-09-02,Schleswig-Holstein
2000-07-20,2000-08-30,Hamburg
2000-07-27,2000-09-09,Baden-Württemberg
2000-07-27,2000-09-11,Bayern
2000-10-02,2000-10-14,Hessen
2000-10-02,2000-10-14,Saarland
2000-10-02,2000-10-13,Rheinland-Pfalz
2000-10-02,2000-10-14,Nordrhein-Westfalen
2000-10-16,2000-10-27,Sachsen
2000-10-16,2000-10-21,Thüringen
2000-10-16,2000-10-28,Hamburg
2000-10-19,2000-11-01,Niedersachsen
2000-10-23,2000-10-28,Mecklenburg-Vorpommern
2000-10-23,2000-11-01,Bremen
2000-10-23,2000-10-30,Sachsen-Anhalt
2000-10-23,2000-11-04,Schleswig-Holstein
2000-10-28,2000-11-04,Berlin
2000-10-30,2000-11-04,Brandenburg
2000-10-30,2000-11-04,Bayern
2000-11-02,2000-11-03,Baden-Württemberg
2000-12-20,2001-01-02,Mecklenburg-Vorpommern
2000-12-21,2001-01-02,Hamburg
2000-12-22,2001-01-02,Sachsen
2000-12-22,2001-01-06,Niedersachsen
2000-12-22,2001-01-06,Bremen
2000-12-22,2001-01-05,Rheinland-Pfalz
2000-12-22,2001-01-06,Thüringen
2000-12-22,2001-01-06,Nordrhein-Westfalen
2000-12-23,2001-01-02,Berlin
2000-12-23,2001-01-06,Saarland
2000-12-23,2001-01-02,Brandenburg
2000-12-23,2001-01-05,Baden-Württemberg
2000-12-27,2001-01-02,Sachsen-Anhalt
2000-12-27,2001-01-06,Schleswig-Holstein
2000-12-27,2001-01-13,Hessen
2000-12-27,2001-01-08,Bayern
2001-02-03,2001-02-17,Berlin
2001-02-05,2001-02-16,Brandenburg
2001-02-05,2001-02-10,Thüringen
2001-02-05,2001-02-16,Mecklenburg-Vorpommern
2001-02-12,2001-02-24,Sachsen-Anhalt
2001-02-12,2001-02-23,Sachsen
2001-03-05,2001-03-17,Hamburg
2001-03-26,2001-04-17,Bremen
2001-04-02,2001-04-17,Niedersachsen
2001-04-05,2001-04-20,Rheinland-Pfalz
2001-04-09,2001-04-24,Schleswig-Holstein
2001-04-09,2001-04-21,Thüringen
2001-04-09,2001-04-21,Nordrhein-Westfalen
2001-04-09,2001-04-20,Baden-Württemberg
2001-04-09,2001-04-28,Saarland
2001-04-09,2001-04-20,Hessen
2001-04-09,2001-04-18,Mecklenburg-Vorpommern
2001-04-09,2001-04-21,Bayern
2001-04-12,2001-04-21,Sachsen
2001-04-14,2001-04-30,Berlin
2001-04-17,2001-04-30,Sachsen-Anhalt
2001-04-17,2001-04-30,Brandenburg
2001-05-21,2001-05-26,Hamburg
2001-05-28,2001-06-09,Baden-Württemberg
2001-06-01,2001-06-05,Thüringen
2001-06-01,2001-06-05,Mecklenburg-Vorpommern
2001-06-02,2001-06-05,Sachsen
2001-06-05,2001-06-16,Bayern
2001-06-20,2001-07-31,Bremen
2001-06-20,2001-07-31,Thüringen
2001-06-20,2001-07-31,Sachsen-Anhalt
2001-06-20,2001-07-31,Sachsen
2001-06-20,2001-07-31,Niedersachsen
2001-06-21,2001-08-03,Hessen
2001-06-21,2001-08-01,Saarland
2001-06-27,2001-08-09,Hessen
2001-06-27,2001-08-07,Saarland
2001-06-28,2001-08-08,Sachsen-Anhalt
2001-06-28,2001-08-08,Sachsen
2001-06-28,2001-08-10,Rheinland-Pfalz
2001-06-28,2001-08-11,Bremen
2001-06-28,2001-08-08,Niedersachsen
2001-06-28,2001-08-08,Thüringen
2001-07-04,2001-08-14,Schleswig-Holstein
2001-07-04,2001-08-16,Rheinland-Pfalz
2001-07-04,2001-08-17,Berlin
2001-07-04,2001-08-14,Hamburg
2001-07-04,2001-08-17,Brandenburg
2001-07-05,2001-08-18,Nordrhein-Westfalen
2001-07-18,2001-08-31,Nordrhein-Westfalen
2001-07-19,2001-09-01,Berlin
2001-07-19,2001-09-01,Schleswig-Holstein
2001-07-19,2001-09-01,Brandenburg
2001-07-19,2001-08-29,Hamburg
2001-07-25,2001-09-07,Baden-Württemberg
2001-07-26,2001-09-08,Baden-Württemberg
2001-07-26,2001-09-10,Bayern
2001-08-01,2001-09-16,Bayern
2001-10-01,2001-10-12,Rheinland-Pfalz
2001-10-01,2001-10-13,Saarland
2001-10-01,2001-10-13,Niedersachsen
2001-10-01,2001-10-13,Bremen
2001-10-01,2001-10-13,Hessen
2001-10-04,2001-10-13,Sachsen-Anhalt
2001-10-08,2001-10-20,Nordrhein-Westfalen
2001-10-08,2001-10-19,Sachsen
2001-10-15,2001-10-27,Hamburg
2001-10-15,2001-10-20,Thüringen
2001-10-22,2001-11-03,Schleswig-Holstein
2001-10-27,2001-11-03,Berlin
2001-10-29,2001-11-03,Bayern
2001-10-29,2001-11-02,Baden-Württemberg
2001-10-29,2001-11-03,Brandenburg
2001-12-20,2002-01-05,Sachsen-Anhalt
2001-12-21,2002-01-05,Saarland
2001-12-21,2002-01-04,Rheinland-Pfalz
2001-12-21,2002-01-05,Thüringen
2001-12-22,2002-01-02,Sachsen
2001-12-22,2002-01-05,Baden-Württemberg
2001-12-22,2002-01-05,Berlin
2001-12-24,2002-01-05,Schleswig-Holstein
2001-12-24,2002-01-05,Bremen
2001-12-24,2002-01-05,Bayern
2001-12-24,2002-01-05,Nordrhein-Westfalen
2001-12-24,2001-12-31,Brandenburg
2001-12-24,2002-01-05,Hamburg
2001-12-24,2002-01-11,Hessen
2001-12-24,2002-01-05,Niedersachsen
2002-01-28,2002-01-29,Niedersachsen
2002-02-01,2002-02-09,Berlin
2002-02-04,2002-02-09,Thüringen
2002-02-04,2002-02-16,Brandenburg
2002-02-11,2002-02-20,Sachsen-Anhalt
2002-02-11,2002-02-23,Sachsen
2002-03-04,2002-03-16,Hamburg
2002-03-21,2002-04-05,Rheinland-Pfalz
2002-03-23,2002-04-06,Berlin
2002-03-25,2002-04-13,Bremen
2002-03-25,2002-04-06,Bayern
2002-03-25,2002-04-06,Thüringen
2002-03-25,2002-04-06,Nordrhein-Westfalen
2002-03-25,2002-04-05,Hessen
2002-03-25,2002-04-10,Saarland
2002-03-25,2002-04-05,Baden-Württemberg
2002-03-25,2002-04-05,Brandenburg
2002-03-25,2002-04-13,Niedersachsen
2002-03-28,2002-04-05,Sachsen
2002-04-02,2002-04-10,Sachsen-Anhalt
2002-04-02,2002-04-15,Schleswig-Holstein
2002-05-17,2002-05-21,Thüringen
2002-05-18,2002-05-21,Sachsen
2002-05-18,2002-05-21,Berlin
2002-05-21,2002-06-01,Bayern
2002-05-21,2002-05-31,Baden-Württemberg
2002-09-30,2002-10-11,Rheinland-Pfalz
2002-09-30,2002-10-12,Niedersachsen
2002-09-30,2002-10-12,Hessen
2002-09-30,2002-10-12,Bremen
2002-10-04,2002-10-11,Sachsen-Anhalt
2002-10-04,2002-10-19,Hamburg
2002-10-04,2002-10-19,Saarland
2002-10-07,2002-10-19,Brandenburg
2002-10-07,2002-10-19,Berlin
2002-10-14,2002-10-26,Sachsen
2002-10-14,2002-10-28,Schleswig-Holstein
2002-10-14,2002-10-19,Mecklenburg-Vorpommern
2002-10-14,2002-10-26,Thüringen
2002-10-14,2002-10-26,Nordrhein-Westfalen
2002-10-28,2002-11-02,Bayern
2002-10-28,2002-10-30,Baden-Württemberg
2002-12-20,2003-01-03,Rheinland-Pfalz
2002-12-23,2003-01-10,Hessen
2002-12-23,2003-01-03,Mecklenburg-Vorpommern
2002-12-23,2003-01-04,Hamburg
2002-12-23,2003-01-06,Niedersachsen
2002-12-23,2003-01-04,Sachsen
2002-12-23,2003-01-06,Saarland
2002-12-23,2003-01-07,Bremen
2002-12-23,2003-01-06,Nordrhein-Westfalen
2002-12-23,2003-01-03,Brandenburg
2002-12-23,2003-01-04,Sachsen-Anhalt
2002-12-23,2003-01-04,Baden-Württemberg
2002-12-23,2003-01-06,Schleswig-Holstein
2002-12-23,2003-01-04,Bayern
2002-12-23,2003-01-03,Thüringen
2003-02-03,2003-02-08,Brandenburg
2003-02-03,2003-02-04,Niedersachsen
2003-02-03,2003-02-08,Berlin
2003-02-03,2003-02-04,Bremen
2003-02-03,2003-02-15,Mecklenburg-Vorpommern
2003-02-10,2003-02-21,Sachsen
2003-02-10,2003-02-15,Thüringen
2003-02-10,2003-02-22,Sachsen-Anhalt
2003-03-03,2003-03-07,Bayern
2003-03-10,2003-03-22,Schleswig-Holstein
2003-03-10,2003-03-22,Hamburg
2003-04-07,2003-04-19,Hessen
2003-04-07,2003-04-23,Niedersachsen
2003-04-07,2003-04-23,Bremen
2003-04-10,2003-04-25,Rheinland-Pfalz
2003-04-14,2003-04-28,Saarland
2003-04-14,2003-04-25,Thüringen
2003-04-14,2003-04-23,Mecklenburg-Vorpommern
2003-04-14,2003-04-26,Baden-Württemberg
2003-04-14,2003-04-26,Bayern
2003-04-14,2003-04-26,Nordrhein-Westfalen
2003-04-16,2003-04-25,Brandenburg
2003-04-18,2003-04-25,Sachsen
2003-04-22,2003-05-02,Sachsen-Anhalt
2003-05-26,2003-05-30,Hamburg
2003-06-02,2003-06-13,Baden-Württemberg
2003-06-06,2003-06-10,Mecklenburg-Vorpommern
2003-06-07,2003-06-10,Thüringen
2003-06-10,2003-06-21,Bayern
2003-07-03,2003-08-13,Hamburg
2003-07-03,2003-08-16,Brandenburg
2003-07-03,2003-08-16,Berlin
2003-07-05,2003-08-15,Mecklenburg-Vorpommern
2003-07-10,2003-08-20,Sachsen-Anhalt
2003-07-10,2003-08-20,Thüringen
2003-07-10,2003-08-20,Bremen
2003-07-10,2003-08-20,Niedersachsen
2003-07-12,2003-08-22,Sachsen
2003-07-21,2003-08-30,Saarland
2003-07-21,2003-08-29,Hessen
2003-07-21,2003-08-29,Rheinland-Pfalz
2003-07-24,2003-09-06,Baden-Württemberg
2003-07-28,2003-09-08,Bayern
2003-07-31,2003-09-13,Nordrhein-Westfalen
2003-10-04,2003-10-10,Sachsen-Anhalt
2003-10-06,2003-10-18,Brandenburg
2003-10-06,2003-10-18,Berlin
2003-10-06,2003-10-18,Hamburg
2003-10-06,2003-10-18,Schleswig-Holstein
2003-10-13,2003-10-18,Mecklenburg-Vorpommern
2003-10-13,2003-10-25,Niedersachsen
2003-10-13,2003-10-25,Saarland
2003-10-13,2003-10-25,Bremen
2003-10-20,2003-10-30,Sachsen
2003-10-20,2003-10-31,Rheinland-Pfalz
2003-10-20,2003-11-01,Hessen
2003-10-20,2003-10-31,Nordrhein-Westfalen
2003-10-27,2003-10-30,Thüringen
2003-10-27,2003-10-31,Bayern
2003-11-03,2003-11-08,Baden-Württemberg
2003-12-22,2004-01-07,Rheinland-Pfalz
2003-12-22,2004-01-03,Sachsen
2003-12-22,2004-01-06,Niedersachsen
2003-12-22,2004-01-02,Brandenburg
2003-12-22,2004-01-06,Bremen
2003-12-22,2004-01-03,Hamburg
2003-12-22,2004-01-10,Hessen
2003-12-22,2004-01-03,Schleswig-Holstein
2003-12-22,2004-01-03,Thüringen
2003-12-22,2004-01-05,Sachsen-Anhalt
2003-12-22,2004-01-02,Berlin
2003-12-22,2004-01-06,Nordrhein-Westfalen
2003-12-22,2004-01-06,Saarland
2003-12-22,2004-01-03,Mecklenburg-Vorpommern
2003-12-22,2004-01-05,Baden-Württemberg
2003-12-24,2004-01-07,Bayern
2004-02-02,2004-02-07,Berlin
2004-02-02,2004-02-03,Bremen
2004-02-02,2004-02-03,Niedersachsen
2004-02-02,2004-02-07,Brandenburg
2004-02-02,2004-02-13,Mecklenburg-Vorpommern
2004-02-09,2004-02-21,Thüringen
2004-02-09,2004-02-20,Sachsen
2004-02-12,2004-02-21,Sachsen-Anhalt
2004-02-23,2004-02-27,Bayern
2004-03-08,2004-03-20,Hamburg
2004-03-15,2004-03-27,Schleswig-Holstein
2004-03-29,2004-04-14,Bremen
2004-03-29,2004-04-14,Niedersachsen
2004-04-01,2004-04-16,Rheinland-Pfalz
2004-04-05,2004-04-14,Mecklenburg-Vorpommern
2004-04-05,2004-04-17,Hessen
2004-04-05,2004-04-17,Bayern
2004-04-05,2004-04-20,Saarland
2004-04-05,2004-04-17,Nordrhein-Westfalen
2004-04-05,2004-04-16,Thüringen
2004-04-05,2004-04-16,Berlin
2004-04-05,2004-04-08,Sachsen-Anhalt
2004-04-07,2004-04-16,Brandenburg
2004-04-08,2004-04-16,Sachsen
2004-04-13,2004-04-16,Baden-Württemberg
2004-05-17,2004-05-22,Hamburg
2004-05-21,2004-05-28,Sachsen-Anhalt
2004-05-24,2004-06-05,Baden-Württemberg
2004-05-28,2004-06-01,Thüringen
2004-05-28,2004-06-01,Mecklenburg-Vorpommern
2004-06-01,2004-06-12,Bayern
2004-06-24,2004-08-07,Brandenburg
2004-06-24,2004-08-04,Hamburg
2004-06-24,2004-08-07,Berlin
2004-06-26,2004-08-06,Mecklenburg-Vorpommern
2004-06-28,2004-08-07,Schleswig-Holstein
2004-07-08,2004-08-18,Sachsen-Anhalt
2004-07-08,2004-08-18,Bremen
2004-07-08,2004-08-18,Niedersachsen
2004-07-08,2004-08-18,Thüringen
2004-07-10,2004-08-20,Sachsen
2004-07-19,2004-08-28,Saarland
2004-07-19,2004-08-27,Rheinland-Pfalz
2004-07-19,2004-08-27,Hessen
2004-07-22,2004-09-04,Nordrhein-Westfalen
2004-07-29,2004-09-11,Baden-Württemberg
2004-08-02,2004-09-13,Bayern
2004-10-04,2004-10-16,Berlin
2004-10-04,2004-10-16,Brandenburg
2004-10-04,2004-10-16,Schleswig-Holstein
2004-10-04,2004-10-16,Hamburg
2004-10-11,2004-10-23,Niedersachsen
2004-10-11,2004-10-23,Bremen
2004-10-11,2004-10-23,Thüringen
2004-10-11,2004-10-23,Saarland
2004-10-11,2004-10-23,Sachsen
2004-10-18,2004-10-29,Rheinland-Pfalz
2004-10-18,2004-10-30,Nordrhein-Westfalen
2004-10-18,2004-10-23,Mecklenburg-Vorpommern
2004-10-18,2004-10-30,Hessen
2004-11-02,2004-11-06,Bayern
2004-11-02,2004-11-06,Baden-Württemberg
2004-12-22,2004-12-31,Sachsen-Anhalt
2004-12-22,2005-01-03,Mecklenburg-Vorpommern
2004-12-22,2005-01-08,Hessen
2004-12-22,2004-12-31,Hamburg
2004-12-22,2004-12-31,Thüringen
2004-12-22,2005-01-07,Rheinland-Pfalz
2004-12-23,2005-01-01,Sachsen
2004-12-23,2005-01-08,Baden-Württemberg
2004-12-23,2005-01-08,Niedersachsen
2004-12-23,2004-12-31,Berlin
2004-12-23,2005-01-08,Bremen
2004-12-23,2005-01-05,Schleswig-Holstein
2004-12-23,2004-12-31,Brandenburg
2004-12-23,2005-01-04,Saarland
2004-12-24,2005-01-07,Nordrhein-Westfalen
2004-12-24,2005-01-07,Bayern
2005-01-24,2005-01-29,Berlin
2005-01-24,2005-01-29,Brandenburg
2005-01-31,2005-02-01,Niedersachsen
2005-01-31,2005-02-01,Bremen
2005-01-31,2005-02-11,Mecklenburg-Vorpommern
2005-01-31,2005-02-09,Sachsen-Anhalt
2005-02-07,2005-02-11,Bayern
2005-02-07,2005-02-08,Saarland
2005-02-07,2005-02-19,Sachsen
2005-02-07,2005-02-12,Thüringen
2005-03-14,2005-03-26,Hamburg
2005-03-19,2005-04-02,Bremen
2005-03-21,2005-04-02,Schleswig-Holstein
2005-03-21,2005-04-02,Thüringen
2005-03-21,2005-04-02,Bayern
2005-03-21,2005-03-29,Mecklenburg-Vorpommern
2005-03-21,2005-04-02,Nordrhein-Westfalen
2005-03-21,2005-04-02,Niedersachsen
2005-03-21,2005-04-04,Saarland
2005-03-21,2005-04-01,Rheinland-Pfalz
2005-03-21,2005-04-01,Sachsen-Anhalt
2005-03-23,2005-04-02,Brandenburg
2005-03-23,2005-04-01,Berlin
2005-03-25,2005-04-02,Sachsen
2005-03-29,2005-04-02,Baden-Württemberg
2005-03-29,2005-04-09,Hessen
2005-05-06,2005-05-13,Hamburg
2005-05-06,2005-05-07,Schleswig-Holstein
2005-05-06,2005-05-27,Saarland
2005-05-13,2005-05-17,Mecklenburg-Vorpommern
2005-05-14,2005-05-17,Thüringen
2005-05-17,2005-05-21,Sachsen-Anhalt
2005-05-17,2005-05-28,Baden-Württemberg
2005-05-17,2005-05-28,Bayern
2005-05-17,2005-05-21,Berlin
2005-05-25,2005-05-28,Niedersachsen
2005-06-23,2005-08-06,Brandenburg
2005-06-23,2005-08-06,Berlin
2005-06-27,2005-08-06,Mecklenburg-Vorpommern
2005-06-27,2005-08-06,Schleswig-Holstein
2005-06-30,2005-08-10,Hamburg
2005-07-07,2005-08-19,Nordrhein-Westfalen
2005-07-14,2005-08-24,Sachsen-Anhalt
2005-07-14,2005-08-24,Niedersachsen
2005-07-14,2005-08-24,Thüringen
2005-07-18,2005-08-26,Sachsen
2005-07-25,2005-09-02,Rheinland-Pfalz
2005-07-25,2005-09-03,Hessen
2005-07-25,2005-09-03,Saarland
2005-07-28,2005-09-10,Baden-Württemberg
2005-08-01,2005-09-12,Bayern
2005-10-04,2005-10-15,Schleswig-Holstein
2005-10-04,2005-10-15,Nordrhein-Westfalen
2005-10-04,2005-10-15,Brandenburg
2005-10-04,2005-10-15,Berlin
2005-10-04,2005-10-15,Hamburg
2005-10-10,2005-10-15,Mecklenburg-Vorpommern
2005-10-17,2005-10-29,Bremen
2005-10-17,2005-10-28,Hessen
2005-10-17,2005-10-22,Sachsen-Anhalt
2005-10-17,2005-10-28,Sachsen
2005-10-17,2005-10-29,Niedersachsen
2005-10-17,2005-10-29,Thüringen
2005-10-19,2005-10-31,Saarland
2005-10-24,2005-11-04,Rheinland-Pfalz
2005-10-31,2005-11-05,Bayern
2005-11-02,2005-11-04,Baden-Württemberg
2005-12-21,2006-01-07,Hessen
2005-12-22,2006-01-03,Brandenburg
2005-12-22,2006-01-06,Rheinland-Pfalz
2005-12-22,2006-01-05,Baden-Württemberg
2005-12-22,2006-01-04,Schleswig-Holstein
2005-12-22,2006-01-03,Berlin
2005-12-23,2006-01-03,Mecklenburg-Vorpommern
2005-12-23,2006-01-07,Saarland
2005-12-23,2006-01-06,Hamburg
2005-12-23,2006-01-02,Sachsen
2005-12-23,2006-01-05,Sachsen-Anhalt
2005-12-23,2006-01-06,Bremen
2005-12-23,2006-01-06,Niedersachsen
2005-12-23,2006-01-02,Thüringen
2005-12-24,2006-01-06,Nordrhein-Westfalen
2005-12-27,2006-01-05,Bayern
2006-01-30,2006-02-03,Brandenburg
2006-01-30,2006-01-31,Niedersachsen
2006-01-30,2006-01-31,Bremen
2006-01-30,2006-02-03,Berlin
2006-02-06,2006-02-18,Mecklenburg-Vorpommern
2006-02-06,2006-02-10,Thüringen
2006-02-13,2006-02-25,Sachsen
2006-02-23,2006-03-01,Saarland
2006-02-27,2006-03-03,Bayern
2006-03-06,2006-03-18,Hamburg
2006-04-03,2006-04-18,Bremen
2006-04-03,2006-04-18,Schleswig-Holstein
2006-04-03,2006-04-18,Niedersachsen
2006-04-07,2006-04-21,Rheinland-Pfalz
2006-04-10,2006-04-22,Nordrhein-Westfalen
2006-04-10,2006-04-21,Thüringen
2006-04-10,2006-04-13,Sachsen-Anhalt
2006-04-10,2006-04-22,Bayern
2006-04-10,2006-04-19,Mecklenburg-Vorpommern
2006-04-10,2006-04-22,Berlin
2006-04-10,2006-04-22,Hessen
2006-04-12,2006-04-21,Brandenburg
2006-04-13,2006-04-21,Sachsen
2006-04-18,2006-04-22,Baden-Württemberg
2006-04-22,2006-07-17,Saarland
2006-05-22,2006-05-27,Hamburg
2006-05-26,2006-06-06,Niedersachsen
2006-05-26,2006-06-02,Sachsen-Anhalt
2006-05-29,2006-06-10,Baden-Württemberg
2006-06-02,2006-06-06,Mecklenburg-Vorpommern
2006-06-03,2006-06-06,Thüringen
2006-06-06,2006-06-17,Bayern
2006-06-26,2006-08-08,Nordrhein-Westfalen
2006-07-06,2006-08-19,Brandenburg
2006-07-06,2006-08-16,Hamburg
2006-07-06,2006-08-18,Berlin
2006-07-10,2006-08-19,Mecklenburg-Vorpommern
2006-07-10,2006-08-19,Schleswig-Holstein
2006-07-17,2006-08-25,Hessen
2006-07-17,2006-08-25,Rheinland-Pfalz
2006-07-20,2006-08-30,Niedersachsen
2006-07-20,2006-08-30,Thüringen
2006-07-20,2006-08-30,Bremen
2006-07-20,2006-08-30,Sachsen-Anhalt
2006-07-24,2006-09-01,Sachsen
2006-07-31,2006-09-11,Bayern
2006-08-03,2006-09-16,Baden-Württemberg
2006-10-02,2006-10-14,Nordrhein-Westfalen
2006-10-02,2006-10-14,Berlin
2006-10-02,2006-10-14,Brandenburg
2006-10-09,2006-10-20,Rheinland-Pfalz
2006-10-16,2006-10-27,Sachsen
2006-10-16,2006-10-28,Hamburg
2006-10-16,2006-10-28,Hessen
2006-10-16,2006-10-28,Niedersachsen
2006-10-18,2006-10-31,Saarland
2006-10-23,2006-10-28,Mecklenburg-Vorpommern
2006-10-23,2006-10-30,Sachsen-Anhalt
2006-10-23,2006-11-03,Thüringen
2006-10-30,2006-11-04,Bayern
2006-10-30,2006-11-03,Baden-Württemberg
2006-12-21,2007-01-06,Saarland
2006-12-21,2007-01-05,Nordrhein-Westfalen
2006-12-22,2007-01-05,Rheinland-Pfalz
2006-12-22,2007-01-05,Sachsen-Anhalt
2006-12-22,2007-01-02,Sachsen
2006-12-23,2007-01-06,Bremen
2006-12-23,2007-01-05,Thüringen
2006-12-23,2007-01-12,Hessen
2006-12-23,2007-01-06,Niedersachsen
2006-12-27,2007-01-05,Bayern
2006-12-27,2007-01-05,Berlin
2006-12-27,2007-01-05,Brandenburg
2006-12-27,2007-01-06,Hamburg
2006-12-27,2007-01-08,Schleswig-Holstein
2006-12-27,2007-01-05,Mecklenburg-Vorpommern
2006-12-27,2007-01-05,Baden-Württemberg
2007-02-01,2007-02-02,Bremen
2007-02-01,2007-02-10,Sachsen-Anhalt
2007-02-01,2007-02-02,Niedersachsen
2007-02-05,2007-02-10,Thüringen
2007-02-05,2007-02-17,Mecklenburg-Vorpommern
2007-02-05,2007-02-10,Brandenburg
2007-02-05,2007-02-10,Berlin
2007-02-12,2007-02-23,Sachsen
2007-02-19,2007-02-24,Bayern
2007-03-05,2007-03-17,Hamburg
2007-03-26,2007-04-10,Niedersachsen
2007-03-26,2007-04-10,Bremen
2007-03-28,2007-04-13,Rheinland-Pfalz
2007-03-31,2007-04-05,Sachsen-Anhalt
2007-04-02,2007-04-11,Mecklenburg-Vorpommern
2007-04-02,2007-04-14,Nordrhein-Westfalen
2007-04-02,2007-04-14,Berlin
2007-04-02,2007-04-14,Saarland
2007-04-02,2007-04-14,Hessen
2007-04-02,2007-04-14,Bayern
2007-04-02,2007-04-16,Schleswig-Holstein
2007-04-02,2007-04-13,Thüringen
2007-04-02,2007-04-14,Baden-Württemberg
2007-04-04,2007-04-13,Brandenburg
2007-04-05,2007-04-13,Sachsen
2007-05-14,2007-05-18,Hamburg
2007-05-18,2007-05-25,Sachsen-Anhalt
2007-05-18,2007-05-29,Niedersachsen
2007-05-25,2007-05-29,Mecklenburg-Vorpommern
2007-05-26,2007-05-29,Thüringen
2007-05-26,2007-05-29,Sachsen
2007-05-29,2007-06-09,Bayern
2007-05-29,2007-06-09,Baden-Württemberg
2007-06-21,2007-08-03,Nordrhein-Westfalen
2007-07-09,2007-08-17,Hessen
2007-07-09,2007-08-17,Rheinland-Pfalz
2007-07-09,2007-08-18,Saarland
2007-07-12,2007-08-24,Berlin
2007-07-12,2007-08-22,Hamburg
2007-07-12,2007-08-25,Brandenburg
2007-07-16,2007-08-25,Mecklenburg-Vorpommern
2007-07-16,2007-08-25,Schleswig-Holstein
2007-07-19,2007-08-29,Thüringen
2007-07-19,2007-08-29,Bremen
2007-07-19,2007-08-29,Sachsen-Anhalt
2007-07-19,2007-08-29,Niedersachsen
2007-07-23,2007-08-31,Sachsen
2007-07-26,2007-09-08,Baden-Württemberg
2007-07-30,2007-09-10,Bayern
2007-09-24,2007-10-06,Nordrhein-Westfalen
2007-10-08,2007-10-20,Hessen
2007-10-08,2007-10-19,Sachsen
2007-10-08,2007-10-19,Rheinland-Pfalz
2007-10-08,2007-10-20,Saarland
2007-10-15,2007-10-20,Berlin
2007-10-15,2007-10-20,Sachsen-Anhalt
2007-10-15,2007-10-20,Brandenburg
2007-10-15,2007-10-27,Schleswig-Holstein
2007-10-15,2007-10-27,Hamburg
2007-10-15,2007-10-26,Thüringen
2007-10-22,2007-10-27,Mecklenburg-Vorpommern
2007-10-22,2007-11-03,Niedersachsen
2007-10-29,2007-11-03,Baden-Württemberg
2007-10-29,2007-11-03,Bayern
2007-12-19,2008-01-05,Saarland
2007-12-21,2008-01-05,Hamburg
2007-12-21,2008-01-04,Sachsen-Anhalt
2007-12-22,2008-01-02,Sachsen
2007-12-22,2008-01-05,Thüringen
2007-12-24,2008-01-05,Niedersachsen
2007-12-24,2008-01-12,Brandenburg
2007-12-24,2008-01-05,Baden-Württemberg
2007-12-24,2008-01-05,Bayern
2007-12-24,2008-01-04,Mecklenburg-Vorpommern
2007-12-24,2008-01-05,Bremen
2007-12-24,2008-01-08,Schleswig-Holstein
2007-12-24,2008-01-12,Berlin
2008-01-04,2008-03-17,Nordrhein-Westfalen
2008-01-08,2008-03-12,Rheinland-Pfalz
2008-01-31,2008-02-01,Bremen
2008-01-31,2008-02-01,Niedersachsen
2008-02-04,2008-02-16,Mecklenburg-Vorpommern
2008-02-04,2008-02-09,Thüringen
2008-02-04,2008-02-09,Bayern
2008-02-04,2008-02-15,Sachsen
2008-03-10,2008-03-25,Bremen
2008-03-10,2008-03-26,Niedersachsen
2008-03-17,2008-03-28,Baden-Württemberg
2008-03-17,2008-03-29,Bayern
2008-03-17,2008-03-20,Sachsen-Anhalt
2008-03-17,2008-03-26,Mecklenburg-Vorpommern
2008-03-17,2008-03-29,Berlin
2008-03-17,2008-03-29,Saarland
2008-03-19,2008-03-28,Brandenburg
2008-03-20,2008-04-05,Schleswig-Holstein
2008-03-20,2008-03-28,Sachsen
2008-03-22,2008-03-28,Thüringen
2008-03-25,2008-04-05,Hessen
2008-03-28,2008-06-23,Rheinland-Pfalz
2008-05-02,2008-05-13,Niedersachsen
2008-05-09,2008-05-13,Mecklenburg-Vorpommern
2008-05-10,2008-05-13,Sachsen
2008-05-13,2008-05-16,Brandenburg
2008-05-13,2008-05-16,Bremen
2008-05-13,2008-05-17,Hamburg
2008-05-25,2008-06-06,Baden-Württemberg
2008-06-23,2008-08-01,Hessen
2008-06-26,2008-08-08,Nordrhein-Westfalen
2008-06-30,2008-08-09,Saarland
2008-07-10,2008-08-22,Sachsen-Anhalt
2008-07-10,2008-08-20,Thüringen
2008-07-10,2008-08-20,Niedersachsen
2008-07-10,2008-08-20,Bremen
2008-07-14,2008-08-22,Sachsen
2008-07-17,2008-08-29,Berlin
2008-07-17,2008-08-27,Hamburg
2008-07-17,2008-08-30,Brandenburg
2008-07-21,2008-08-30,Mecklenburg-Vorpommern
2008-07-21,2008-08-30,Schleswig-Holstein
2008-07-24,2008-09-06,Baden-Württemberg
2008-07-30,2008-09-12,Baden-Württemberg
2008-08-04,2008-09-15,Bayern
2008-10-04,2008-10-18,Saarland
2008-10-06,2008-10-18,Hessen
2008-10-06,2008-10-17,Rheinland-Pfalz
2008-10-13,2008-10-25,Bremen
2008-10-13,2008-10-17,Sachsen-Anhalt
2008-10-13,2008-10-24,Thüringen
2008-10-13,2008-10-25,Hamburg
2008-10-13,2008-10-25,Niedersachsen
2008-10-13,2008-10-25,Schleswig-Holstein
2008-10-20,2008-10-30,Brandenburg
2008-10-20,2008-10-30,Sachsen
2008-10-20,2008-10-31,Berlin
2008-10-27,2008-11-01,Mecklenburg-Vorpommern
2008-11-03,2008-11-07,Bayern
2008-12-19,2009-01-03,Saarland
2008-12-20,2009-01-03,Thüringen
2008-12-22,2009-01-05,Sachsen-Anhalt
2008-12-22,2009-01-03,Berlin
2008-12-22,2009-01-06,Bremen
2008-12-22,2009-01-03,Brandenburg
2008-12-22,2009-01-05,Bayern
2008-12-22,2009-01-06,Nordrhein-Westfalen
2008-12-22,2009-01-07,Schleswig-Holstein
2009-01-07,2009-04-01,Rheinland-Pfalz
2009-02-02,2009-02-03,Niedersachsen
2009-02-02,2009-02-07,Thüringen
2009-02-02,2009-02-07,Berlin
2009-02-02,2009-02-10,Sachsen-Anhalt
2009-02-09,2009-02-20,Mecklenburg-Vorpommern
2009-02-09,2009-02-21,Sachsen
2009-03-09,2009-03-21,Hamburg
2009-03-30,2009-04-15,Niedersachsen
2009-03-30,2009-04-14,Bremen
2009-04-06,2009-04-18,Sachsen-Anhalt
2009-04-06,2009-04-17,Thüringen
2009-04-06,2009-04-18,Hessen
2009-04-06,2009-04-18,Berlin
2009-04-06,2009-04-18,Bayern
2009-04-06,2009-04-18,Saarland
2009-04-06,2009-04-21,Schleswig-Holstein
2009-04-17,2009-07-13,Rheinland-Pfalz
2009-05-18,2009-05-23,Hamburg
2009-05-22,2009-05-29,Sachsen-Anhalt
2009-06-02,2009-06-06,Mecklenburg-Vorpommern
2009-06-25,2009-08-05,Sachsen-Anhalt
2009-06-25,2009-08-05,Niedersachsen
2009-06-25,2009-08-05,Bremen
2009-06-25,2009-08-05,Thüringen
2009-06-29,2009-08-07,Sachsen
2009-07-02,2009-08-14,Nordrhein-Westfalen
2009-07-13,2009-08-22,Saarland
2009-07-13,2009-08-21,Hessen
2009-07-16,2009-08-29,Brandenburg
2009-07-16,2009-08-26,Hamburg
2009-07-16,2009-08-28,Berlin
2009-07-20,2009-08-29,Schleswig-Holstein
2009-07-20,2009-08-29,Mecklenburg-Vorpommern
2009-08-03,2009-09-14,Bayern
2009-10-05,2009-10-17,Niedersachsen
2009-10-05,2009-10-17,Bremen
2009-10-12,2009-10-17,Sachsen-Anhalt
2009-10-12,2009-10-24,Hamburg
2009-10-12,2009-10-24,Schleswig-Holstein
2009-10-12,2009-10-24,Hessen
2009-10-12,2009-10-24,Sachsen
2009-10-12,2009-10-24,Thüringen
2009-10-12,2009-10-23,Rheinland-Pfalz
2009-10-19,2009-10-31,Saarland
2009-10-19,2009-10-30,Brandenburg
2009-10-19,2009-10-30,Berlin
2009-10-26,2009-10-30,Mecklenburg-Vorpommern
2009-11-02,2009-11-07,Bayern
2009-12-18,2010-01-02,Saarland
2009-12-19,2010-01-02,Thüringen
2009-12-21,2010-01-06,Schleswig-Holstein
2009-12-21,2010-01-02,Berlin
2009-12-21,2010-01-05,Sachsen-Anhalt
2009-12-21,2010-01-02,Brandenburg
2009-12-21,2010-01-02,Mecklenburg-Vorpommern
2009-12-23,2010-01-06,Bremen
2009-12-23,2010-01-09,Baden-Württemberg
2009-12-23,2010-01-02,Sachsen
2009-12-24,2010-01-05,Bayern
2009-12-24,2010-01-06,Nordrhein-Westfalen
2010-01-05,2010-03-26,Rheinland-Pfalz
2010-02-01,2010-02-06,Thüringen
2010-02-01,2010-02-02,Niedersachsen
2010-02-01,2010-02-06,Brandenburg
2010-02-01,2010-02-06,Berlin
2010-02-06,2010-02-20,Mecklenburg-Vorpommern
2010-02-08,2010-02-13,Sachsen-Anhalt
2010-02-15,2010-02-20,Bayern
2010-03-08,2010-03-20,Hamburg
2010-03-19,2010-04-06,Niedersachsen
2010-03-29,2010-04-09,Sachsen-Anhalt
2010-03-29,2010-04-10,Hessen
2010-03-29,2010-04-10,Saarland
2010-03-29,2010-04-09,Thüringen
2010-03-31,2010-04-10,Brandenburg
2010-03-31,2010-04-10,Berlin
2010-04-03,2010-04-17,Schleswig-Holstein
2010-04-06,2010-04-10,Baden-Württemberg
2010-04-09,2010-07-05,Rheinland-Pfalz
2010-05-14,2010-05-22,Sachsen-Anhalt
2010-05-14,2010-05-22,Hamburg
2010-05-21,2010-05-22,Mecklenburg-Vorpommern
2010-05-25,2010-06-05,Baden-Württemberg
2010-05-25,2010-06-05,Bayern
2010-06-24,2010-08-04,Sachsen-Anhalt
2010-06-24,2010-08-04,Bremen
2010-06-24,2010-08-04,Thüringen
2010-06-28,2010-08-06,Sachsen
2010-07-05,2010-08-14,Saarland
2010-07-05,2010-08-14,Hessen
2010-07-08,2010-08-18,Hamburg
2010-07-08,2010-08-21,Berlin
2010-07-08,2010-08-21,Brandenburg
2010-07-12,2010-08-21,Schleswig-Holstein
2010-07-12,2010-08-21,Mecklenburg-Vorpommern
2010-07-15,2010-08-27,Nordrhein-Westfalen
2010-07-29,2010-09-11,Baden-Württemberg
2010-08-02,2010-09-13,Bayern
2010-10-04,2010-10-16,Sachsen
2010-10-04,2010-10-15,Hamburg
2010-10-09,2010-10-23,Thüringen
2010-10-09,2010-10-23,Niedersachsen
2010-10-09,2010-10-23,Bremen
2010-10-11,2010-10-23,Nordrhein-Westfalen
2010-10-11,2010-10-22,Rheinland-Pfalz
2010-10-11,2010-10-23,Saarland
2010-10-11,2010-10-23,Schleswig-Holstein
2010-10-11,2010-10-22,Hessen
2010-10-11,2010-10-23,Berlin
2010-10-11,2010-10-23,Brandenburg
2010-10-18,2010-10-23,Mecklenburg-Vorpommern
2010-10-18,2010-10-23,Sachsen-Anhalt
2010-11-02,2010-11-05,Bayern
2010-11-02,2010-11-06,Baden-Württemberg
2010-12-20,2011-01-07,Hessen
2010-12-20,2010-12-31,Saarland
2010-12-22,2011-01-05,Bremen
2010-12-22,2011-01-05,Niedersachsen
2010-12-22,2011-01-05,Sachsen-Anhalt
2010-12-23,2010-12-31,Mecklenburg-Vorpommern
2010-12-23,2011-01-01,Berlin
2010-12-23,2011-01-07,Rheinland-Pfalz
2010-12-23,2011-01-03,Hamburg
2010-12-23,2011-01-07,Schleswig-Holstein
2010-12-23,2010-12-31,Thüringen
2010-12-23,2011-01-01,Brandenburg
2010-12-23,2011-01-01,Sachsen
2010-12-24,2011-01-08,Nordrhein-Westfalen
2010-12-24,2011-01-07,Bayern
2011-01-31,2011-02-01,Bremen
2011-01-31,2011-02-05,Brandenburg
2011-01-31,2011-02-05,Berlin
2011-01-31,2011-02-01,Niedersachsen
2011-01-31,2011-02-05,Thüringen
2011-02-05,2011-02-12,Sachsen-Anhalt
2011-02-07,2011-02-19,Mecklenburg-Vorpommern
2011-02-12,2011-02-26,Sachsen
2011-03-07,2011-03-11,Bayern
2011-03-07,2011-03-18,Hamburg
2011-03-07,2011-03-12,Saarland
2011-04-15,2011-04-30,Schleswig-Holstein
2011-04-16,2011-04-30,Niedersachsen
2011-04-16,2011-04-27,Mecklenburg-Vorpommern
2011-04-16,2011-04-30,Bremen
2011-04-18,2011-04-30,Hessen
2011-04-18,2011-04-27,Sachsen-Anhalt
2011-04-18,2011-04-30,Saarland
2011-04-18,2011-04-30,Berlin
2011-04-18,2011-04-29,Rheinland-Pfalz
2011-04-18,2011-04-30,Bayern
2011-04-18,2011-04-30,Nordrhein-Westfalen
2011-04-18,2011-04-30,Thüringen
2011-04-20,2011-04-30,Brandenburg
2011-04-22,2011-04-30,Sachsen
2011-04-26,2011-04-30,Baden-Württemberg
2011-04-26,2011-04-29,Hamburg
2011-06-03,2011-06-04,Schleswig-Holstein
2011-06-10,2011-06-14,Mecklenburg-Vorpommern
2011-06-11,2011-06-14,Thüringen
2011-06-14,2011-06-25,Baden-Württemberg
2011-06-14,2011-06-25,Bayern
2011-06-14,2011-06-18,Sachsen-Anhalt
2011-06-24,2011-08-06,Saarland
2011-06-27,2011-08-05,Hessen
2011-06-27,2011-08-05,Rheinland-Pfalz
2011-06-30,2011-08-13,Brandenburg
2011-06-30,2011-08-12,Berlin
2011-07-04,2011-08-13,Mecklenburg-Vorpommern
2011-07-04,2011-08-13,Schleswig-Holstein
2011-07-07,2011-08-17,Niedersachsen
2011-07-07,2011-08-17,Bremen
2011-07-11,2011-08-19,Sachsen
2011-07-11,2011-08-24,Sachsen-Anhalt
2011-07-11,2011-08-19,Thüringen
2011-07-25,2011-09-06,Nordrhein-Westfalen
2011-07-28,2011-09-10,Baden-Württemberg
2011-07-30,2011-09-12,Bayern
2011-10-04,2011-10-15,Saarland
2011-10-04,2011-10-14,Brandenburg
2011-10-04,2011-10-14,Berlin
2011-10-04,2011-10-14,Hamburg
2011-10-04,2011-10-14,Rheinland-Pfalz
2011-10-10,2011-10-22,Hessen
2011-10-10,2011-10-22,Schleswig-Holstein
2011-10-17,2011-10-29,Niedersachsen
2011-10-17,2011-10-21,Mecklenburg-Vorpommern
2011-10-17,2011-10-28,Sachsen
2011-10-17,2011-10-29,Bremen
2011-10-17,2011-10-28,Thüringen
2011-10-17,2011-10-22,Sachsen-Anhalt
2011-10-24,2011-11-05,Nordrhein-Westfalen
2011-10-31,2011-11-05,Bayern
2011-11-02,2011-11-04,Baden-Württemberg
2011-12-21,2012-01-06,Hessen
2011-12-22,2012-01-06,Rheinland-Pfalz
2011-12-22,2012-01-07,Sachsen-Anhalt
2011-12-23,2012-01-06,Schleswig-Holstein
2011-12-23,2012-01-03,Berlin
2011-12-23,2012-01-03,Brandenburg
2011-12-23,2012-01-03,Mecklenburg-Vorpommern
2011-12-23,2012-01-05,Baden-Württemberg
2011-12-23,2012-01-02,Sachsen
2011-12-23,2012-01-04,Niedersachsen
2011-12-23,2012-01-04,Bremen
2011-12-23,2011-12-31,Thüringen
2011-12-23,2012-01-04,Saarland
2011-12-27,2012-01-06,Hamburg
2011-12-27,2012-01-05,Bayern
2012-02-04,2012-02-11,Sachsen-Anhalt
2012-02-06,2012-02-17,Mecklenburg-Vorpommern
2012-02-13,2012-02-25,Sachsen
2012-02-20,2012-02-24,Bayern
2012-03-05,2012-03-16,Hamburg
2012-03-26,2012-04-11,Bremen
2012-03-26,2012-04-11,Niedersachsen
2012-03-29,2012-04-13,Rheinland-Pfalz
2012-03-30,2012-04-13,Schleswig-Holstein
2012-04-02,2012-04-14,Saarland
2012-04-02,2012-04-14,Nordrhein-Westfalen
2012-04-02,2012-04-13,Thüringen
2012-04-02,2012-04-14,Berlin
2012-04-02,2012-04-05,Sachsen-Anhalt
2012-04-02,2012-04-13,Baden-Württemberg
2012-04-04,2012-04-14,Brandenburg
2012-04-06,2012-04-14,Sachsen
2012-04-14,2012-07-02,Hessen
2012-04-30,2012-05-04,Hamburg
2012-05-18,2012-05-25,Sachsen-Anhalt
2012-05-25,2012-05-29,Mecklenburg-Vorpommern
2012-05-25,2012-05-29,Thüringen
2012-05-29,2012-06-09,Baden-Württemberg
2012-06-23,2012-08-04,Mecklenburg-Vorpommern
2012-06-25,2012-08-04,Schleswig-Holstein
2012-07-02,2012-08-14,Saarland
2012-07-02,2012-08-10,Rheinland-Pfalz
2012-07-09,2012-08-21,Nordrhein-Westfalen
2012-07-23,2012-08-31,Niedersachsen
2012-07-23,2012-08-31,Bremen
2012-07-23,2012-08-31,Sachsen
2012-10-01,2012-10-05,Mecklenburg-Vorpommern
2012-10-01,2012-10-12,Hamburg
2012-10-01,2012-10-12,Rheinland-Pfalz
2012-10-01,2012-10-13,Berlin
2012-10-01,2012-10-13,Brandenburg
2012-10-04,2012-10-19,Schleswig-Holstein
2012-10-08,2012-10-20,Nordrhein-Westfalen
2012-10-15,2012-10-27,Hessen
2012-10-22,2012-11-03,Niedersachsen
2012-10-22,2012-11-02,Sachsen
2012-10-22,2012-11-03,Saarland
2012-10-22,2012-11-03,Bremen
2012-10-22,2012-11-03,Thüringen
2012-10-29,2012-11-02,Baden-Württemberg
2012-10-29,2012-11-02,Sachsen-Anhalt
2012-12-19,2013-01-04,Sachsen-Anhalt
2012-12-20,2013-01-04,Rheinland-Pfalz
2012-12-21,2013-01-04,Mecklenburg-Vorpommern
2012-12-21,2013-01-04,Hamburg
2012-12-22,2013-01-02,Sachsen
2012-12-24,2013-01-05,Niedersachsen
2012-12-24,2013-01-05,Thüringen
2012-12-24,2013-01-05,Bremen
2012-12-24,2013-01-05,Saarland
2012-12-24,2013-01-05,Schleswig-Holstein
2012-12-24,2013-01-12,Hessen
2012-12-24,2013-01-04,Berlin
2012-12-24,2013-01-05,Bayern
2012-12-24,2013-01-04,Brandenburg
2013-02-04,2013-02-15,Mecklenburg-Vorpommern
2013-02-04,2013-02-15,Sachsen
2013-03-04,2013-03-15,Hamburg
2013-03-16,2013-04-02,Bremen
2013-03-16,2013-04-02,Niedersachsen
2013-03-20,2013-04-05,Rheinland-Pfalz
2013-03-25,2013-04-06,Saarland
2013-03-25,2013-04-06,Nordrhein-Westfalen
2013-03-25,2013-04-06,Berlin
2013-03-25,2013-04-09,Schleswig-Holstein
2013-03-25,2013-04-06,Bayern
2013-03-25,2013-04-06,Thüringen
2013-03-25,2013-04-05,Baden-Württemberg
2013-03-25,2013-03-30,Sachsen-Anhalt
2013-03-27,2013-04-06,Brandenburg
2013-03-29,2013-04-06,Sachsen
2013-04-06,2013-07-08,Hessen
2013-05-02,2013-05-10,Hamburg
2013-05-10,2013-05-18,Sachsen-Anhalt
2013-05-17,2013-05-21,Mecklenburg-Vorpommern
2013-05-21,2013-05-31,Bayern
2013-05-21,2013-06-01,Baden-Württemberg
2013-06-20,2013-08-02,Brandenburg
2013-06-20,2013-07-31,Hamburg
2013-06-22,2013-08-03,Mecklenburg-Vorpommern
2013-06-24,2013-08-03,Schleswig-Holstein
2013-06-27,2013-08-07,Bremen
2013-07-08,2013-08-16,Rheinland-Pfalz
2013-07-08,2013-08-17,Saarland
2013-07-15,2013-08-23,Thüringen
2013-07-22,2013-09-03,Nordrhein-Westfalen
2013-09-30,2013-10-12,Brandenburg
2013-09-30,2013-10-12,Berlin
2013-09-30,2013-10-11,Hamburg
2013-10-04,2013-10-18,Niedersachsen
2013-10-04,2013-10-18,Schleswig-Holstein
2013-10-04,2013-10-18,Rheinland-Pfalz
2013-10-04,2013-10-18,Bremen
2013-10-14,2013-10-19,Mecklenburg-Vorpommern
2013-10-14,2013-10-26,Hessen
2013-10-21,2013-11-01,Sachsen
2013-10-21,2013-10-25,Sachsen-Anhalt
2013-10-21,2013-11-02,Nordrhein-Westfalen
2013-10-21,2013-11-02,Thüringen
2013-10-21,2013-11-02,Saarland
2013-10-28,2013-10-30,Baden-Württemberg
2013-12-19,2014-01-03,Hamburg
2013-12-20,2014-01-04,Saarland
2013-12-21,2014-01-03,Sachsen
2013-12-21,2014-01-03,Sachsen-Anhalt
2013-12-23,2014-01-07,Rheinland-Pfalz
2013-12-23,2014-01-03,Mecklenburg-Vorpommern
2013-12-23,2014-01-06,Schleswig-Holstein
2013-12-23,2014-01-04,Bayern
2013-12-23,2014-01-03,Bremen
2013-12-23,2014-01-11,Hessen
2013-12-23,2014-01-03,Berlin
2014-02-01,2014-02-12,Sachsen-Anhalt
2014-02-03,2014-02-15,Mecklenburg-Vorpommern
2014-02-17,2014-03-01,Sachsen
2014-03-03,2014-03-14,Hamburg
2014-03-03,2014-03-07,Bayern
2014-04-03,2014-04-22,Niedersachsen
2014-04-03,2014-04-22,Bremen
2014-04-11,2014-04-25,Rheinland-Pfalz
2014-04-14,2014-04-26,Saarland
2014-04-14,2014-04-26,Bayern
2014-04-14,2014-04-26,Nordrhein-Westfalen
2014-04-14,2014-04-25,Baden-Württemberg
2014-04-14,2014-04-17,Sachsen-Anhalt
2014-04-14,2014-04-26,Berlin
2014-04-16,2014-05-02,Schleswig-Holstein
2014-04-18,2014-04-26,Sachsen
2014-04-19,2014-05-02,Thüringen
2014-04-26,2014-07-28,Hessen
2014-04-28,2014-05-02,Hamburg
2014-05-30,2014-06-07,Sachsen-Anhalt
2014-06-06,2014-06-10,Mecklenburg-Vorpommern
2014-06-10,2014-06-21,Baden-Württemberg
2014-06-10,2014-06-21,Bayern
2014-07-07,2014-08-19,Nordrhein-Westfalen
2014-07-14,2014-08-23,Mecklenburg-Vorpommern
2014-07-14,2014-08-23,Schleswig-Holstein
2014-07-21,2014-08-29,Sachsen
2014-07-21,2014-08-29,Thüringen
2014-07-28,2014-09-06,Saarland
2014-07-28,2014-09-05,Rheinland-Pfalz
2014-07-30,2014-09-15,Bayern
2014-07-31,2014-09-10,Niedersachsen
2014-07-31,2014-09-10,Bremen
2014-10-06,2014-10-18,Nordrhein-Westfalen
2014-10-06,2014-10-18,Thüringen
2014-10-13,2014-10-25,Schleswig-Holstein
2014-10-13,2014-10-24,Hamburg
2014-10-20,2014-11-01,Berlin
2014-10-20,2014-11-01,Hessen
2014-10-20,2014-10-25,Mecklenburg-Vorpommern
2014-10-20,2014-10-31,Rheinland-Pfalz
2014-10-20,2014-11-01,Brandenburg
2014-10-20,2014-10-31,Sachsen
2014-10-20,2014-10-31,Saarland
2014-10-27,2014-10-31,Bayern
2014-10-27,2014-10-30,Sachsen-Anhalt
2014-10-27,2014-10-30,Baden-Württemberg
2014-10-27,2014-11-08,Bremen
2014-10-27,2014-11-08,Niedersachsen
2014-12-22,2015-01-02,Brandenburg
2014-12-22,2015-01-03,Thüringen
2014-12-22,2015-01-07,Rheinland-Pfalz
2014-12-22,2015-01-07,Saarland
2014-12-22,2015-01-02,Mecklenburg-Vorpommern
2014-12-22,2015-01-10,Hessen
2014-12-22,2015-01-03,Sachsen
2014-12-22,2015-01-02,Berlin
2014-12-22,2015-01-05,Sachsen-Anhalt
2014-12-22,2015-01-06,Hamburg
2014-12-22,2015-01-06,Schleswig-Holstein
2014-12-22,2015-01-05,Bremen
2014-12-22,2015-01-05,Niedersachsen
2014-12-24,2015-01-05,Bayern
2015-02-02,2015-02-14,Sachsen-Anhalt
2015-02-02,2015-02-14,Mecklenburg-Vorpommern
2015-02-09,2015-02-21,Sachsen
2015-02-16,2015-02-20,Bayern
2015-03-02,2015-03-13,Hamburg
2015-03-25,2015-04-10,Bremen
2015-03-25,2015-04-10,Niedersachsen
2015-03-26,2015-04-10,Rheinland-Pfalz
2015-03-30,2015-04-11,Berlin
2015-03-30,2015-04-11,Bayern
2015-03-30,2015-04-10,Baden-Württemberg
2015-03-30,2015-04-11,Thüringen
2015-03-30,2015-04-08,Mecklenburg-Vorpommern
2015-03-30,2015-04-11,Nordrhein-Westfalen
2015-03-30,2015-04-11,Saarland
2015-04-01,2015-04-11,Brandenburg
2015-04-01,2015-04-17,Schleswig-Holstein
2015-04-02,2015-04-11,Sachsen
2015-05-11,2015-05-15,Hamburg
2015-05-15,2015-05-23,Sachsen-Anhalt
2015-05-26,2015-06-05,Bayern
2015-05-26,2015-06-06,Baden-Württemberg
2015-06-29,2015-08-11,Nordrhein-Westfalen
2015-07-13,2015-08-21,Thüringen
2015-07-13,2015-08-21,Sachsen
2015-07-16,2015-08-26,Hamburg
2015-07-16,2015-08-28,Brandenburg
2015-07-20,2015-08-29,Mecklenburg-Vorpommern
2015-07-20,2015-08-29,Schleswig-Holstein
2015-07-23,2015-09-02,Bremen
2015-07-27,2015-09-04,Hessen
2015-07-27,2015-09-04,Rheinland-Pfalz
2015-07-27,2015-09-05,Saarland
2015-10-05,2015-10-17,Nordrhein-Westfalen
2015-10-12,2015-10-24,Sachsen
2015-10-17,2015-10-24,Sachsen-Anhalt
2015-10-19,2015-10-31,Bremen
2015-10-19,2015-10-31,Schleswig-Holstein
2015-10-19,2015-10-31,Niedersachsen
2015-10-19,2015-10-31,Hessen
2015-10-19,2015-10-30,Hamburg
2015-10-19,2015-10-31,Saarland
2015-10-19,2015-10-30,Brandenburg
2015-10-19,2015-10-30,Rheinland-Pfalz
2015-10-19,2015-10-31,Berlin
2015-10-24,2015-10-30,Mecklenburg-Vorpommern
2015-11-02,2015-11-07,Bayern
2015-11-02,2015-11-06,Baden-Württemberg
2015-12-21,2016-01-05,Sachsen-Anhalt
2015-12-21,2016-01-02,Saarland
2015-12-21,2016-01-06,Schleswig-Holstein
2015-12-21,2016-01-02,Sachsen
2015-12-21,2016-01-01,Hamburg
2015-12-23,2016-01-08,Rheinland-Pfalz
2015-12-23,2016-01-09,Hessen
2015-12-23,2016-01-02,Berlin
2015-12-23,2016-01-02,Thüringen
2015-12-23,2016-01-06,Bremen
2015-12-23,2016-01-02,Brandenburg
2015-12-23,2016-01-06,Niedersachsen
2015-12-24,2016-01-05,Bayern
2016-02-01,2016-02-10,Sachsen-Anhalt
2016-02-01,2016-02-13,Mecklenburg-Vorpommern
2016-02-01,2016-02-06,Thüringen
2016-02-08,2016-02-20,Sachsen
2016-02-08,2016-02-12,Bayern
2016-03-07,2016-03-18,Hamburg
2016-03-18,2016-04-02,Niedersachsen
2016-03-18,2016-04-01,Rheinland-Pfalz
2016-03-18,2016-04-02,Bremen
2016-03-21,2016-04-02,Nordrhein-Westfalen
2016-03-21,2016-03-30,Mecklenburg-Vorpommern
2016-03-21,2016-04-01,Bayern
2016-03-21,2016-04-02,Berlin
2016-03-23,2016-04-02,Brandenburg
2016-03-24,2016-04-02,Thüringen
2016-03-24,2016-04-09,Schleswig-Holstein
2016-03-25,2016-04-02,Sachsen
2016-03-29,2016-04-02,Baden-Württemberg
2016-03-29,2016-04-09,Saarland
2016-03-29,2016-04-09,Hessen
2016-05-06,2016-05-14,Sachsen-Anhalt
2016-05-17,2016-05-28,Baden-Württemberg
2016-05-17,2016-05-28,Bayern
2016-06-23,2016-08-03,Bremen
2016-06-27,2016-08-05,Sachsen
2016-06-27,2016-08-10,Thüringen
2016-07-11,2016-08-23,Nordrhein-Westfalen
2016-07-18,2016-08-27,Saarland
2016-07-18,2016-08-26,Hessen
2016-07-18,2016-08-26,Rheinland-Pfalz
2016-07-25,2016-09-03,Schleswig-Holstein
2016-07-25,2016-09-03,Mecklenburg-Vorpommern
2016-10-03,2016-10-15,Sachsen
2016-10-04,2016-10-15,Niedersachsen
2016-10-04,2016-10-15,Sachsen-Anhalt
2016-10-04,2016-10-15,Bremen
2016-10-10,2016-10-21,Rheinland-Pfalz
2016-10-10,2016-10-22,Saarland
2016-10-10,2016-10-22,Thüringen
2016-10-10,2016-10-21,Nordrhein-Westfalen
2016-10-17,2016-10-28,Berlin
2016-10-17,2016-10-29,Schleswig-Holstein
2016-10-17,2016-10-28,Hamburg
2016-10-17,2016-10-29,Hessen
2016-10-17,2016-10-28,Brandenburg
2016-10-24,2016-10-28,Mecklenburg-Vorpommern
2016-10-31,2016-11-04,Bayern
2016-11-02,2016-11-04,Baden-Württemberg
2016-12-19,2016-12-31,Saarland
2016-12-19,2017-01-02,Sachsen-Anhalt
2016-12-21,2017-01-06,Bremen
2016-12-21,2017-01-06,Niedersachsen
2016-12-22,2017-01-06,Rheinland-Pfalz
2016-12-22,2017-01-07,Hessen
2016-12-23,2017-01-06,Schleswig-Holstein
2016-12-23,2016-12-31,Thüringen
2016-12-23,2017-01-03,Berlin
2016-12-23,2017-01-03,Brandenburg
2016-12-23,2017-01-02,Sachsen
2016-12-24,2017-01-05,Bayern
2016-12-27,2017-01-06,Hamburg
2017-01-30,2017-02-04,Berlin
2017-02-04,2017-02-11,Sachsen-Anhalt
2017-02-06,2017-02-18,Mecklenburg-Vorpommern
2017-02-13,2017-02-24,Sachsen
2017-02-27,2017-03-03,Bayern
2017-04-07,2017-04-21,Schleswig-Holstein
2017-04-10,2017-04-21,Rheinland-Pfalz
2017-04-10,2017-04-22,Nordrhein-Westfalen
2017-04-10,2017-04-13,Sachsen-Anhalt
2017-04-10,2017-04-21,Thüringen
2017-04-10,2017-04-22,Saarland
2017-04-10,2017-04-22,Niedersachsen
2017-04-10,2017-04-21,Baden-Württemberg
2017-04-10,2017-04-19,Mecklenburg-Vorpommern
2017-04-10,2017-04-22,Bayern
2017-04-10,2017-04-18,Berlin
2017-04-10,2017-04-22,Bremen
2017-04-12,2017-04-22,Brandenburg
2017-04-13,2017-04-22,Sachsen
2017-04-15,2017-07-03,Hessen
2017-05-22,2017-05-26,Hamburg
2017-06-06,2017-06-16,Bayern
2017-06-06,2017-06-16,Baden-Württemberg
2017-06-22,2017-08-02,Bremen
2017-06-26,2017-08-04,Sachsen
2017-06-26,2017-08-09,Thüringen
2017-07-03,2017-08-14,Saarland
2017-07-03,2017-08-11,Rheinland-Pfalz
2017-07-17,2017-08-29,Nordrhein-Westfalen
2017-07-20,2017-09-01,Brandenburg
2017-07-20,2017-08-30,Hamburg
2017-07-24,2017-09-02,Mecklenburg-Vorpommern
2017-07-24,2017-09-02,Schleswig-Holstein
2017-10-02,2017-10-14,Thüringen
2017-10-02,2017-10-14,Saarland
2017-10-02,2017-10-14,Sachsen
2017-10-09,2017-10-21,Hessen
2017-10-23,2017-11-04,Brandenburg
2017-12-21,2018-01-02,Brandenburg
2017-12-21,2018-01-05,Saarland
2017-12-22,2018-01-05,Thüringen
2017-12-24,2018-01-13,Hessen
2018-02-05,2018-02-10,Brandenburg
2018-02-05,2018-02-09,Thüringen
2018-02-12,2018-02-17,Saarland
2018-03-26,2018-04-07,Thüringen
2018-03-26,2018-04-06,Saarland
2018-03-26,2018-04-07,Hessen
2018-03-26,2018-04-06,Brandenburg
2018-06-25,2018-08-03,Hessen
2018-06-25,2018-08-03,Saarland
2018-07-02,2018-08-11,Thüringen
2018-07-05,2018-08-18,Brandenburg
2018-10-01,2018-10-13,Hessen
2018-10-01,2018-10-12,Saarland
2018-10-01,2018-10-13,Thüringen
2018-10-08,2018-10-20,Sachsen
2018-10-22,2018-11-02,Brandenburg
2018-12-20,2019-01-04,Saarland
2018-12-21,2019-01-04,Thüringen
2018-12-22,2019-01-05,Brandenburg
2018-12-22,2019-01-04,Sachsen
2018-12-24,2019-01-12,Hessen
2019-02-04,2019-02-09,Brandenburg
2019-02-11,2019-02-15,Thüringen
2019-02-18,2019-03-02,Sachsen
2019-02-25,2019-03-05,Saarland
2019-04-15,2019-04-26,Brandenburg
2019-04-15,2019-04-27,Hessen
2019-04-15,2019-04-27,Thüringen
2019-04-19,2019-04-26,Sachsen
2019-06-20,2019-08-03,Brandenburg
2019-07-01,2019-08-09,Saarland
2019-07-01,2019-08-09,Hessen
2019-07-08,2019-08-17,Thüringen
2019-07-08,2019-08-16,Sachsen
2019-09-30,2019-10-12,Hessen
2019-10-04,2019-10-18,Brandenburg
2019-10-07,2019-10-18,Saarland
2019-10-07,2019-10-19,Thüringen
2019-10-14,2019-10-25,Sachsen
2019-12-21,2020-01-03,Thüringen
2019-12-21,2020-01-03,Sachsen
2019-12-23,2020-01-03,Saarland
2019-12-23,2020-01-03,Brandenburg
2020-02-03,2020-02-08,Brandenburg
2020-02-10,2020-02-22,Sachsen
2020-02-10,2020-02-14,Thüringen
2020-02-17,2020-02-25,Saarland
2020-04-06,2020-04-17,Brandenburg
2020-04-06,2020-04-18,Hessen
2020-04-06,2020-04-18,Thüringen
2020-04-10,2020-04-18,Sachsen
2020-04-14,2020-04-24,Saarland
2020-06-25,2020-08-08,Brandenburg
2020-07-06,2020-08-14,Hessen
2020-07-06,2020-08-14,Saarland
2020-07-20,2020-08-29,Thüringen
2020-07-20,2020-08-28,Sachsen
2020-10-12,2020-10-23,Saarland
2020-10-12,2020-10-24,Brandenburg
2020-10-17,2020-10-30,Thüringen
2020-10-19,2020-10-31,Sachsen
2020-12-21,2021-01-09,Hessen
2020-12-21,2021-01-02,Brandenburg
2020-12-23,2021-01-02,Thüringen
2020-12-23,2021-01-02,Sachsen
2021-02-01,2021-02-06,Brandenburg
2021-02-08,2021-02-20,Sachsen
2021-02-08,2021-02-13,Thüringen
2021-02-15,2021-02-19,Saarland
2021-03-29,2021-04-09,Brandenburg
2021-03-29,2021-04-07,Saarland
2021-03-29,2021-04-10,Thüringen
2021-04-02,2021-04-10,Sachsen
2021-04-06,2021-04-16,Hessen
2021-06-24,2021-08-07,Brandenburg
2021-07-19,2021-08-27,Hessen
2021-07-19,2021-08-27,Saarland
2021-07-26,2021-09-03,Sachsen
2021-07-26,2021-09-04,Thüringen
2021-10-11,2021-10-23,Brandenburg
2021-10-11,2021-10-23,Hessen
2021-10-18,2021-10-29,Saarland
2021-10-18,2021-10-30,Sachsen
2021-10-25,2021-11-06,Thüringen
2021-12-23,2022-01-01,Sachsen
2021-12-23,2022-01-08,Hessen
2021-12-23,2022-01-03,Saarland
2021-12-23,2021-12-31,Brandenburg
2022-01-31,2022-02-05,Brandenburg
2022-02-12,2022-02-26,Sachsen
2022-02-12,2022-02-19,Thüringen
2022-02-21,2022-03-01,Saarland
2022-04-11,2022-04-23,Brandenburg
2022-04-11,2022-04-23,Hessen
2022-04-11,2022-04-23,Thüringen
2022-04-14,2022-04-22,Saarland
2022-04-15,2022-04-23,Sachsen
2022-06-07,2022-06-10,Saarland
2022-07-07,2022-08-20,Brandenburg
2022-07-18,2022-08-26,Sachsen
2022-07-18,2022-08-27,Thüringen
2022-07-25,2022-09-02,Hessen
2022-07-25,2022-09-02,Saarland
2022-10-17,2022-10-29,Sachsen
2022-10-17,2022-10-29,Thüringen
2022-10-24,2022-11-04,Saarland
2022-10-24,2022-10-29,Hessen
2022-12-22,2023-01-03,Brandenburg
2022-12-22,2023-01-07,Hessen
2022-12-22,2023-01-02,Sachsen
2022-12-22,2023-01-03,Thüringen
2023-01-30,2023-02-03,Brandenburg
2023-02-13,2023-02-24,Sachsen
2023-02-13,2023-02-17,Thüringen
2023-02-20,2023-02-24,Saarland
2023-04-03,2023-04-14,Brandenburg
2023-04-03,2023-04-22,Hessen
2023-04-03,2023-04-12,Saarland
2023-04-03,2023-04-15,Thüringen
2023-04-07,2023-04-15,Sachsen
2023-07-10,2023-08-18,Sachsen
2023-07-10,2023-08-19,Thüringen
2023-07-24,2023-09-01,Hessen
2023-07-24,2023-09-01,Saarland
